split,comparison_scope,feature,feature_group,n_sell_or_trigger_steps,n_hold_steps,mean_on_sell_or_trigger_steps,mean_on_hold_steps,median_on_sell_or_trigger_steps,median_on_hold_steps,difference_in_means,standardized_difference
test,sell_steps_vs_hold_steps,VIX_Close,macro_market,1434,84382,0.8403262392637849,-0.08215507131681492,0.38729762464489553,-0.3850627532056103,0.9224813105805998,0.7462098185850821
test,sell_steps_vs_hold_steps,days_to_tax_transition_norm,tax_timing,1434,84382,0.27884258993905353,0.41598763353737395,0.25616438356164384,0.4191780821917808,-0.13714504359832042,-0.6224884523344981
test,sell_steps_vs_hold_steps,PC8,pca_feature,1434,84382,-1.11995894996314,0.0830211046991558,-1.0880128689571527,0.12093525377555109,-1.2029800546622957,-0.3637243404199094
test,sell_steps_vs_hold_steps,macd,technical_indicator,1434,84382,0.050806077899619224,0.4314921055612538,0.15547429048115036,0.4446282052793282,-0.38068602766163456,-0.3320574875161635
test,sell_steps_vs_hold_steps,macd_hist,technical_indicator,1434,84382,0.12693026305625726,0.49519967490076267,0.22891560032088015,0.5188407430591473,-0.3682694118445054,-0.33093510205698623
test,sell_steps_vs_hold_steps,PC7,pca_feature,1434,84382,-1.225194684481397,0.14460170763385718,-0.3722736336767393,-0.12459886891687195,-1.3697963921152543,-0.31634647433624263
test,sell_steps_vs_hold_steps,WTI_Close,macro_market,1434,84382,-0.31288070464935774,-0.006598799897068524,-0.5424789675844406,0.03187409602068709,-0.3062819047522892,-0.28762247223950094
test,sell_steps_vs_hold_steps,sma_50,technical_indicator,1434,84382,1.253943349748731,0.9107946476786425,1.5130317377025837,1.0776337772572913,0.3431487020700884,0.2656553065405161
test,sell_steps_vs_hold_steps,rsi_14,technical_indicator,1434,84382,0.016866565336710916,0.2837326720978124,-0.01434555952798762,0.2956901058488087,-0.26686610676110145,-0.2599704395129243
test,sell_steps_vs_hold_steps,PC5,pca_feature,1434,84382,-1.4241153613407358,0.2550022034691604,-2.720904713950726,0.22554726694408264,-1.6791175648098962,-0.2506449765648236
test,sell_steps_vs_hold_steps,PC4,pca_feature,1434,84382,-2.1673966423725517,-0.2803926710456856,-5.566113907059841,-0.02616449179539703,-1.887003971326866,-0.24048140627773612
test,sell_steps_vs_hold_steps,ema_50,technical_indicator,1434,84382,1.2466241875767643,0.9525617092856395,1.5172481882994666,1.1469379264702693,0.29406247829112475,0.22677084059392402
test,sell_steps_vs_hold_steps,Gold_Close,macro_market,1434,84382,0.37892482941311906,0.07382723999139586,0.40869397501190435,0.1029813943576265,0.3050975894217232,0.19545553528828738
test,sell_steps_vs_hold_steps,bb_upper,technical_indicator,1434,84382,1.1413760459905105,0.9268184821991933,1.3657809807217633,1.0603166798655392,0.21455756379131719,0.17785906041378072
test,sell_steps_vs_hold_steps,USD_JPN_Close,macro_market,1434,84382,0.22432102790154038,0.03214713513156337,0.0784870922293156,0.06105961229074078,0.192173892769977,0.15927666167399127
test,sell_steps_vs_hold_steps,PC1,pca_feature,1434,84382,4.229878907647735,-0.14242512224251766,-2.53615329548266,-0.01966086774687341,4.372304029890253,0.14728108399687156
test,sell_steps_vs_hold_steps,bb_middle,technical_indicator,1434,84382,1.128701561996042,0.9589999190844012,1.347183787809874,1.0976212341196352,0.16970164291164092,0.14054741832753456
test,sell_steps_vs_hold_steps,sma_20,technical_indicator,1434,84382,1.128701561996042,0.9589999190844012,1.347183787809874,1.0976212341196352,0.16970164291164092,0.14054741832753456
test,sell_steps_vs_hold_steps,ema_20,technical_indicator,1434,84382,1.1428796991835102,0.9767212681868189,1.398187053651879,1.130291183881993,0.16615843099669125,0.13622463946864957
test,sell_steps_vs_hold_steps,SPY_Close,macro_market,1434,84382,0.24060416081946778,-0.011937539920857306,0.3769639004717882,0.039437120986813526,0.2525417007403251,0.13072775017996707
test,sell_steps_vs_hold_steps,Wheat_Close,macro_market,1434,84382,-0.10611364781234044,0.007232283372854867,-0.39312833401304026,0.006599483271871909,-0.1133459311851953,-0.12956917776461757
test,sell_steps_vs_hold_steps,PC10,pca_feature,1434,84382,-0.32131356915810466,0.03995228423402933,0.7788441117978011,-0.03717405446108199,-0.361265853392134,-0.11946623897976334
test,sell_steps_vs_hold_steps,macd_signal,technical_indicator,1434,84382,-0.22233871825883209,-0.08384531300530179,-0.2128697488250887,-0.08778120912995765,-0.1384934052535303,-0.11878381132809229
test,sell_steps_vs_hold_steps,EUR_USD_Close,macro_market,1434,84382,-0.1610246626479148,-0.01575194314220978,-0.3702357077001716,-0.052872435642019246,-0.145272719505705,-0.11379110648860573
test,sell_steps_vs_hold_steps,sma_10,technical_indicator,1434,84382,1.0808881129125947,0.95702733222436,1.3172059911251952,1.0919004050653816,0.1238607806882347,0.10390124840046822
test,sell_steps_vs_hold_steps,bb_lower,technical_indicator,1434,84382,1.021990597090871,0.8973421129094268,1.1979435986686424,0.9928777367758618,0.12464848418144414,0.10303761822213048
test,sell_steps_vs_hold_steps,ema_10,technical_indicator,1434,84382,1.0766117372671518,0.9668556839443572,1.333325095512711,1.1082526449718375,0.10975605332279459,0.09124696820823558
test,sell_steps_vs_hold_steps,unrealized_gain_pct_norm,pnl_gain_path,1434,84382,0.6148968742860176,0.6341882183020974,0.632983504551288,0.6399072934280976,-0.019291344016079792,-0.0795695099124442
test,sell_steps_vs_hold_steps,USD_CNY_Close,macro_market,1434,84382,0.019192328277188735,-0.06495329081057918,0.10964844736924234,-0.013310486985059879,0.08414561908776792,0.07861334250145299
test,sell_steps_vs_hold_steps,PC6,pca_feature,1434,84382,0.1921802759754529,-0.1774580759956192,-1.0690810254807568,-0.2589473040281023,0.3696383519710721,0.0718200475620483
test,sell_steps_vs_hold_steps,PC3,pca_feature,1434,84382,0.28641568887275065,-0.07375615727388735,0.21726708621767235,-0.11715867680129215,0.360171846146638,0.07105014349822296
test,sell_steps_vs_hold_steps,ema_5,technical_indicator,1434,84382,1.0322806882749354,0.9547017133103735,1.2962492834397221,1.0897725943737155,0.0775789749645619,0.06454165040159493
test,sell_steps_vs_hold_steps,sma_5,technical_indicator,1434,84382,1.0180535025321027,0.9494896434810515,1.2834994431984672,1.0816201271650256,0.06856385905105122,0.05670722641641016
test,sell_steps_vs_hold_steps,Semiconductor_Close,macro_market,1434,84382,0.09764371372173088,0.0043198403473525505,-0.05162937570280348,0.02039831645417672,0.09332387337437832,0.051813917841802275
test,sell_steps_vs_hold_steps,PC9,pca_feature,1434,84382,-0.01826387870814561,-0.16079578817441484,0.7637917693847261,-0.12798683307654904,0.14253190946626923,0.04423288935122158
test,sell_steps_vs_hold_steps,PC2,pca_feature,1434,84382,-0.3879552904568192,-0.09696304928554086,-0.3445838262246385,-0.16926253342546843,-0.2909922411712783,-0.030196903615473763
validation,sell_steps_vs_hold_steps,VIX_Close,macro_market,1489,111072,-0.433874113908677,-0.6045341848606758,-0.8859954792808092,-0.9326442215519392,0.1706600709519988,0.14491385451384003
validation,sell_steps_vs_hold_steps,days_to_tax_transition_norm,tax_timing,1489,111072,0.29398051464161845,0.37109925981616765,0.3041095890410959,0.35342465753424657,-0.0771187451745492,-0.33422721628768287
validation,sell_steps_vs_hold_steps,PC8,pca_feature,1489,111072,-1.3282331745810936,0.09655669108728943,-0.19066333202739819,0.1256718781537166,-1.424789865668383,-0.3853842100232162
validation,sell_steps_vs_hold_steps,macd,technical_indicator,1489,111072,0.2688810452239727,0.24285125109534927,0.1668256868671316,0.24986361627577408,0.02602979412862344,0.022240462789299534
validation,sell_steps_vs_hold_steps,macd_hist,technical_indicator,1489,111072,0.2305440120360913,0.2954396598348456,0.19231098092194954,0.3084259932913749,-0.06489564779875431,-0.056476923180269166
validation,sell_steps_vs_hold_steps,PC7,pca_feature,1489,111072,-0.3642548335328104,0.12670515387350853,-0.49340706049583855,0.05220905455233357,-0.49095998740631897,-0.16042836046228925
validation,sell_steps_vs_hold_steps,WTI_Close,macro_market,1489,111072,-0.5911275134274746,-0.007071732440235518,-0.6486992558775323,0.06130911159310018,-0.5840557809872391,-0.5000597662492375
validation,sell_steps_vs_hold_steps,sma_50,technical_indicator,1489,111072,0.6816839252551955,0.6539720245527875,0.8846287564724367,0.8081816966143928,0.027711900702408032,0.02026884858972584
validation,sell_steps_vs_hold_steps,rsi_14,technical_indicator,1489,111072,0.2385028219575523,0.1393429453251207,0.18970532433022183,0.13776013684307836,0.09915987663243159,0.0825064573673148
validation,sell_steps_vs_hold_steps,PC5,pca_feature,1489,111072,0.20497041745401007,0.1034775984210158,0.7879542231926212,-0.05314447117239652,0.10149281903299427,0.02088662489429157
validation,sell_steps_vs_hold_steps,PC4,pca_feature,1489,111072,-1.6900392860124267,-0.31838520668871584,-1.2986390079568841,-0.04000944143424709,-1.3716540793237109,-0.29119938922951866
validation,sell_steps_vs_hold_steps,ema_50,technical_indicator,1489,111072,0.711650527297272,0.6647848455627783,0.8957529199440776,0.8235064612459422,0.04686568173449368,0.03395260666935465
validation,sell_steps_vs_hold_steps,Gold_Close,macro_market,1489,111072,-0.24913904551765081,0.02932111835968363,0.07555909474155079,0.012704372204472464,-0.27846016387733447,-0.2235123378262132
validation,sell_steps_vs_hold_steps,bb_upper,technical_indicator,1489,111072,0.6486533160439154,0.6116931054843234,0.7790439907786518,0.6945060626332294,0.03696021055959198,0.02821021617655279
validation,sell_steps_vs_hold_steps,USD_JPN_Close,macro_market,1489,111072,-0.09150226116242711,-0.0011614542343312512,0.1487095797407193,0.07608946395360368,-0.09034080692809586,-0.06618633296127599
validation,sell_steps_vs_hold_steps,PC1,pca_feature,1489,111072,4.565144172536317,-0.25443963710263495,0.19912557867429048,-0.3917610328673108,4.819583809638952,0.2576800341227156
validation,sell_steps_vs_hold_steps,bb_middle,technical_indicator,1489,111072,0.6573642575792086,0.6633904168655603,0.7984517293818552,0.7760937747750685,-0.006026159286351751,-0.004593397369417439
validation,sell_steps_vs_hold_steps,sma_20,technical_indicator,1489,111072,0.6573642575792086,0.6633904168655603,0.7984517293818552,0.7760937747750685,-0.006026159286351751,-0.004593397369417439
validation,sell_steps_vs_hold_steps,ema_20,technical_indicator,1489,111072,0.6888441586183655,0.6741625915828924,0.8465811634862067,0.8005823075435516,0.014681567035473075,0.011169908627614362
validation,sell_steps_vs_hold_steps,SPY_Close,macro_market,1489,111072,0.313522201354547,-0.0015656382204970003,0.06246204669237383,-0.017285487282477884,0.315087839575044,0.3055578863617642
validation,sell_steps_vs_hold_steps,Wheat_Close,macro_market,1489,111072,-0.042738104806962336,-0.009836323074419728,-0.04923417599547079,-0.07454389185840941,-0.03290178173254261,-0.032358528311163016
validation,sell_steps_vs_hold_steps,PC10,pca_feature,1489,111072,0.84223839183945,-0.07608737574901998,0.9895715878760808,-0.12753261143815706,0.9183257675884701,0.3185530115500191
validation,sell_steps_vs_hold_steps,macd_signal,technical_indicator,1489,111072,0.16835249795961257,-0.09048673729242304,0.18893988348182977,-0.07791440344289799,0.2588392352520356,0.2279343044399765
validation,sell_steps_vs_hold_steps,EUR_USD_Close,macro_market,1489,111072,-0.06232110946900146,0.006260703225014286,-0.4410698297760675,0.03163407520003838,-0.06858181269401575,-0.05722960852147406
validation,sell_steps_vs_hold_steps,sma_10,technical_indicator,1489,111072,0.6741814149198682,0.6512972893280831,0.7905110325852802,0.7575998676642443,0.0228841255917851,0.01794085982216754
validation,sell_steps_vs_hold_steps,bb_lower,technical_indicator,1489,111072,0.6087928657665408,0.6551847661077096,0.6961899072184955,0.7680281838033656,-0.0463919003411688,-0.03612077776404412
validation,sell_steps_vs_hold_steps,ema_10,technical_indicator,1489,111072,0.6943562213894503,0.6581563162511602,0.8419431777449825,0.7731254739369977,0.03619990513829008,0.02814704506833128
validation,sell_steps_vs_hold_steps,unrealized_gain_pct_norm,pnl_gain_path,1489,111072,0.5592735368657857,0.5739331072314537,0.6187678238599839,0.6017939348115808,-0.014659570365668007,-0.04955645258541011
validation,sell_steps_vs_hold_steps,USD_CNY_Close,macro_market,1489,111072,0.28657990644679715,0.01827457324839748,0.42525733365550134,0.03613858187509478,0.26830533319839966,0.25353749596144015
validation,sell_steps_vs_hold_steps,PC6,pca_feature,1489,111072,0.013711492412815338,0.10757374763260312,-0.6042497978920278,0.14115932640903853,-0.09386225521978778,-0.01998969144113489
validation,sell_steps_vs_hold_steps,PC3,pca_feature,1489,111072,-1.3338957712417723,-0.24374227492873227,-1.6890159068585617,-0.11148018643899435,-1.09015349631304,-0.15365840205973516
validation,sell_steps_vs_hold_steps,ema_5,technical_indicator,1489,111072,0.709306329572036,0.6442095531275467,0.8311016801486543,0.7501539149504793,0.0650967764444893,0.051154477601463334
validation,sell_steps_vs_hold_steps,sma_5,technical_indicator,1489,111072,0.6949096464176906,0.6400904959756741,0.8279022047398144,0.7431736839735474,0.05481915044201646,0.04314395477419749
validation,sell_steps_vs_hold_steps,Semiconductor_Close,macro_market,1489,111072,0.441116419017217,0.015077024078867957,0.14022521775011496,-0.014664258634343062,0.426039394938349,0.3595866436666619
validation,sell_steps_vs_hold_steps,PC9,pca_feature,1489,111072,-0.646421508761407,0.07840629549189804,-1.0504303289321524,-0.16336879797731377,-0.7248278042533051,-0.2743316790302939
validation,sell_steps_vs_hold_steps,PC2,pca_feature,1489,111072,-0.9999397971764381,-0.4911413074976974,-0.13846067331058376,-0.5002419481410437,-0.5087984896787408,-0.07341989451722136
test,first_sale_vs_pre_first_hold,VIX_Close,macro_market,704,75057,0.4799456844949647,-0.17743107017549173,0.012664193799058678,-0.4319792471486668,0.6573767546704564,0.5865691337989594
test,first_sale_vs_pre_first_hold,days_to_tax_transition_norm,tax_timing,704,75057,0.29050046699875465,0.4295043711984371,0.2671232876712329,0.4273972602739726,-0.13900390419968245,-0.618677349741829
test,first_sale_vs_pre_first_hold,PC8,pca_feature,704,75057,-1.1543590317280832,0.07435643133294988,-0.9655214346872355,0.07184401931996968,-1.228715463061033,-0.3290045205953114
test,first_sale_vs_pre_first_hold,macd,technical_indicator,704,75057,0.17623882533206323,0.4664474597679872,0.2898068118753089,0.4850962227933972,-0.29020863443592393,-0.26269545553268236
test,first_sale_vs_pre_first_hold,macd_hist,technical_indicator,704,75057,0.2781973222931012,0.5265115238195237,0.36263904564999216,0.5604859902838921,-0.24831420152642253,-0.22780809601496452
test,first_sale_vs_pre_first_hold,PC7,pca_feature,704,75057,-2.7851241968175056,0.17077591930301114,-0.3722736336767393,-0.10237786790375396,-2.9559001161205165,-0.7800564793258901
test,first_sale_vs_pre_first_hold,WTI_Close,macro_market,704,75057,-0.1557494420507017,0.0007616966603957915,-0.6486992558775323,0.03991161442982607,-0.1565111387110975,-0.14208729669683953
test,first_sale_vs_pre_first_hold,sma_50,technical_indicator,704,75057,1.2941419502033653,0.8642293126755367,1.515556644237236,0.999383580720678,0.4299126375278286,0.3313780441065427
test,first_sale_vs_pre_first_hold,rsi_14,technical_indicator,704,75057,0.10737432383947197,0.31488241045243054,0.09873863419326445,0.3271759120850808,-0.20750808661295855,-0.2093390257454188
test,first_sale_vs_pre_first_hold,PC5,pca_feature,704,75057,0.8287509432186607,0.3202162926228289,4.275322590830709,0.22554726694408264,0.5085346505958318,0.0712145343317472
test,first_sale_vs_pre_first_hold,PC4,pca_feature,704,75057,-4.921210887199989,-0.2810500239625232,-8.460915887809131,0.01919656186184232,-4.640160863237466,-0.5442227540095683
test,first_sale_vs_pre_first_hold,ema_50,technical_indicator,704,75057,1.3113746413441263,0.9100692029590465,1.5614366463526645,1.0663150245746658,0.4013054383850798,0.3078880294371718
test,first_sale_vs_pre_first_hold,Gold_Close,macro_market,704,75057,1.207137384734507,0.08548398965545904,1.5138538311372483,0.12490412758217855,1.121653395079048,0.7777045738830822
test,first_sale_vs_pre_first_hold,bb_upper,technical_indicator,704,75057,1.176263372829177,0.8960056722857552,1.431919093241072,1.006588544264596,0.2802577005434217,0.23034884248883894
test,first_sale_vs_pre_first_hold,USD_JPN_Close,macro_market,704,75057,0.33903069006753683,0.03798058442553538,0.035543132612075416,0.05768551244673744,0.30105010564200146,0.29408926375083166
test,first_sale_vs_pre_first_hold,PC1,pca_feature,704,75057,16.941434373656655,-0.0037163234692501376,-2.53615329548266,0.11696956095504998,16.945150697125904,0.5157971168638892
test,first_sale_vs_pre_first_hold,bb_middle,technical_indicator,704,75057,1.216240909754778,0.9289141217879596,1.4756353756348148,1.0413964279435521,0.2873267879668183,0.2365813309632876
test,first_sale_vs_pre_first_hold,sma_20,technical_indicator,704,75057,1.216240909754778,0.9289141217879596,1.4756353756348148,1.0413964279435521,0.2873267879668183,0.2365813309632876
test,first_sale_vs_pre_first_hold,ema_20,technical_indicator,704,75057,1.2366982461930087,0.9481654505165236,1.511699275788584,1.0756261462595258,0.28853279567648515,0.23650957162604125
test,first_sale_vs_pre_first_hold,SPY_Close,macro_market,704,75057,1.2198943012050818,0.008019120920048545,0.9282537392378234,0.04482513280666457,1.2118751802850332,0.5926758512394463
test,first_sale_vs_pre_first_hold,Wheat_Close,macro_market,704,75057,-0.0946194814362816,0.0008095606506575038,-0.4760559766413003,0.005752922063154813,-0.0954290420869391,-0.1102960391607602
test,first_sale_vs_pre_first_hold,PC10,pca_feature,704,75057,-0.24952524036322934,0.05286864061153573,0.7788441117978011,-0.021065558093987944,-0.30239388097476505,-0.08787080850551325
test,first_sale_vs_pre_first_hold,macd_signal,technical_indicator,704,75057,-0.2904511381267823,-0.06372315902797993,-0.3124678020799328,-0.0730068898594344,-0.22672797909880238,-0.19587306205013222
test,first_sale_vs_pre_first_hold,EUR_USD_Close,macro_market,704,75057,-0.2747605361635001,-0.0166638272333026,-0.3702357077001716,-0.05221617519436609,-0.2580967089301975,-0.2618473752929687
test,first_sale_vs_pre_first_hold,sma_10,technical_indicator,704,75057,1.1958865825580625,0.9347515693496329,1.469313772805629,1.0490506768716021,0.2611350132084296,0.2202408850606955
test,first_sale_vs_pre_first_hold,bb_lower,technical_indicator,704,75057,1.1544427518437195,0.8681407709690476,1.3237883867239537,0.9421384851529242,0.28630198087467185,0.23698811409812737
test,first_sale_vs_pre_first_hold,ema_10,technical_indicator,704,75057,1.1792753484946223,0.9445471119878369,1.4623739360504666,1.0664510281592243,0.23472823650678543,0.1967165908888541
test,first_sale_vs_pre_first_hold,unrealized_gain_pct_norm,pnl_gain_path,704,75057,0.6352196386221327,0.6344244765428738,0.6400183049106744,0.6397924671974874,0.0007951620792588932,0.0034258697170718917
test,first_sale_vs_pre_first_hold,USD_CNY_Close,macro_market,704,75057,0.046777615346964695,-0.08039913964463222,0.10964844736924234,-0.022387373173663887,0.12717675499159692,0.128873048668839
test,first_sale_vs_pre_first_hold,PC6,pca_feature,704,75057,-0.05178564946962623,-0.2582783389410129,-4.22673929061611,-0.3758363728858464,0.20649268947138666,0.03506003408646994
test,first_sale_vs_pre_first_hold,PC3,pca_feature,704,75057,1.1416808693845846,-0.14788002663779154,0.21726708621767235,-0.12583659678685888,1.2895608960223761,0.23829649187087587
test,first_sale_vs_pre_first_hold,ema_5,technical_indicator,704,75057,1.1336228453745782,0.9357534562909157,1.3959585719251981,1.05377846807038,0.19786938908366258,0.16724346834273363
test,first_sale_vs_pre_first_hold,sma_5,technical_indicator,704,75057,1.1189912258004064,0.930748875605654,1.4110961155969046,1.0473022735703608,0.18824235019475244,0.15836801722030253
test,first_sale_vs_pre_first_hold,Semiconductor_Close,macro_market,704,75057,0.9094265956125427,0.02296926588567038,1.2798959452552578,0.02039831645417672,0.8864573297268723,0.45807227761932123
test,first_sale_vs_pre_first_hold,PC9,pca_feature,704,75057,0.9088939037115111,-0.15669995763060587,0.8304106317872102,-0.12798683307654904,1.065593861342117,0.3459199215695416
test,first_sale_vs_pre_first_hold,PC2,pca_feature,704,75057,-2.172950669511049,-0.16359695251593473,-6.661303729665756,-0.3068645300350226,-2.0093537169951143,-0.2027175660216318
validation,first_sale_vs_pre_first_hold,VIX_Close,macro_market,707,99003,-0.35856878585420837,-0.6048097178158512,-0.8859954792808092,-0.9322056487685748,0.24624093196164287,0.20578629309928667
validation,first_sale_vs_pre_first_hold,days_to_tax_transition_norm,tax_timing,707,99003,0.3156342640134855,0.3788591711417628,0.33424657534246577,0.3698630136986301,-0.06322490712827733,-0.2687273701493534
validation,first_sale_vs_pre_first_hold,PC8,pca_feature,707,99003,-2.8139748319384013,0.08918434052053253,-3.7463034641522226,0.12143997757759423,-2.903159172458934,-0.7382661258332723
validation,first_sale_vs_pre_first_hold,macd,technical_indicator,707,99003,0.3694226937452337,0.2500531632173085,0.2214626786173253,0.25740391357214953,0.11936953052792515,0.10257596943422942
validation,first_sale_vs_pre_first_hold,macd_hist,technical_indicator,707,99003,0.3444022822186234,0.29807330934631804,0.28802116740368006,0.314672747071021,0.04632897287230536,0.04080053729987871
validation,first_sale_vs_pre_first_hold,PC7,pca_feature,707,99003,-0.6166363457842186,0.12130435180275619,-0.6611546278277167,0.05220905455233357,-0.7379406975869748,-0.21518740289445268
validation,first_sale_vs_pre_first_hold,WTI_Close,macro_market,707,99003,-0.731331308822567,-0.007463881754008442,-0.6486992558775323,0.06130911159310018,-0.7238674270685586,-0.5898603064813475
validation,first_sale_vs_pre_first_hold,sma_50,technical_indicator,707,99003,0.6595268948647706,0.6059996615468186,0.8720530690499411,0.7393387472503,0.05352723331795195,0.03884811455436015
validation,first_sale_vs_pre_first_hold,rsi_14,technical_indicator,707,99003,0.2941750682189844,0.1475671399765034,0.1473327667162167,0.14690532264547343,0.14660792824248103,0.1182810084329243
validation,first_sale_vs_pre_first_hold,PC5,pca_feature,707,99003,-1.0414688156613223,0.0942018916124047,-0.29079365300990834,-0.07164578734136422,-1.135670707273727,-0.21230477765617056
validation,first_sale_vs_pre_first_hold,PC4,pca_feature,707,99003,-1.9573233898274458,-0.3302544562269146,-1.2986390079568841,-0.04000944143424709,-1.6270689336005313,-0.3425507250140797
validation,first_sale_vs_pre_first_hold,ema_50,technical_indicator,707,99003,0.707062945693793,0.6164019156243647,0.8613414769623277,0.7574695028422946,0.09066103006942827,0.06530030894816644
validation,first_sale_vs_pre_first_hold,Gold_Close,macro_market,707,99003,-0.30866191954061883,0.03455829459611743,-0.9723644652496173,0.0073715541871620235,-0.34322021413673626,-0.24960008923061525
validation,first_sale_vs_pre_first_hold,bb_upper,technical_indicator,707,99003,0.6655873142123201,0.5713983240328598,0.7368779021490507,0.638343590425002,0.09418899017946025,0.07104467599163138
validation,first_sale_vs_pre_first_hold,USD_JPN_Close,macro_market,707,99003,-0.27314226413977305,-0.009571080492806814,0.1987059930095754,0.06311265274585239,-0.26357118364696625,-0.17107457938229062
validation,first_sale_vs_pre_first_hold,PC1,pca_feature,707,99003,8.784744522811522,-0.2985373543521833,0.19912557867429048,-0.3917610328673108,9.083281877163705,0.4745874680928733
validation,first_sale_vs_pre_first_hold,bb_middle,technical_indicator,707,99003,0.6804863398814041,0.6241417306118782,0.8127955504903837,0.7234143264149223,0.05634460926952589,0.04259345185618551
validation,first_sale_vs_pre_first_hold,sma_20,technical_indicator,707,99003,0.6804863398814041,0.6241417306118782,0.8127955504903837,0.7234143264149223,0.05634460926952589,0.04259345185618551
validation,first_sale_vs_pre_first_hold,ema_20,technical_indicator,707,99003,0.7096356028971953,0.6354543284962441,0.8518823115986693,0.7448365915694025,0.07418127440095124,0.0562229478717971
validation,first_sale_vs_pre_first_hold,SPY_Close,macro_market,707,99003,0.6116395225427592,-0.003732570479953863,0.6633604845758445,-0.017285487282477884,0.6153720930227131,0.6066422874766136
validation,first_sale_vs_pre_first_hold,Wheat_Close,macro_market,707,99003,-0.1274206136237516,-0.010555855673771933,-0.04923417599547079,-0.07454389185840941,-0.11686475794997966,-0.10855702548459231
validation,first_sale_vs_pre_first_hold,PC10,pca_feature,707,99003,1.1477828407457709,-0.0753512461878006,1.2837184427602226,-0.12753261143815706,1.2231340869335714,0.3929073684040357
validation,first_sale_vs_pre_first_hold,macd_signal,technical_indicator,707,99003,0.15286356601932807,-0.07663113927762918,0.18722444654350603,-0.06540810491295668,0.22949470529695726,0.19248626935478766
validation,first_sale_vs_pre_first_hold,EUR_USD_Close,macro_market,707,99003,0.0363463216267541,0.0029561367928004115,-0.4691114801067577,0.022512062429023597,0.03339018483395369,0.02572385528896392
validation,first_sale_vs_pre_first_hold,sma_10,technical_indicator,707,99003,0.709534705920859,0.6172115652553338,0.7999768470584974,0.7101236533892635,0.09232314066552516,0.07251799430941058
validation,first_sale_vs_pre_first_hold,bb_lower,technical_indicator,707,99003,0.6344030457741383,0.6198762626387923,0.7455833179334896,0.7183701596578672,0.014526783135346055,0.011373553315318044
validation,first_sale_vs_pre_first_hold,ema_10,technical_indicator,707,99003,0.724935238657831,0.623845406200894,0.8411013542995719,0.7221130204430397,0.10108983245693703,0.07879092179953257
validation,first_sale_vs_pre_first_hold,unrealized_gain_pct_norm,pnl_gain_path,707,99003,0.5692744879836248,0.5693383603757753,0.6171887818917705,0.5958002078580945,-6.387239215055462e-05,-0.00022226463036588033
validation,first_sale_vs_pre_first_hold,USD_CNY_Close,macro_market,707,99003,0.08771842018169515,0.014138748258847542,0.3001001988400835,0.03632721569471026,0.0735796719228476,0.06703696329306232
validation,first_sale_vs_pre_first_hold,PC6,pca_feature,707,99003,-1.1588195304259623,0.11454772264597629,-2.1568139821532673,0.15971072276549814,-1.2733672530719387,-0.2634207346065097
validation,first_sale_vs_pre_first_hold,PC3,pca_feature,707,99003,-1.204170683806041,-0.25680599030777057,-1.6890159068585617,-0.12583659678685888,-0.9473646934982705,-0.123666523536563
validation,first_sale_vs_pre_first_hold,ema_5,technical_indicator,707,99003,0.7400141488507878,0.6124660569884979,0.8474062977956585,0.7031585879074668,0.12754809186228988,0.10086361031891314
validation,first_sale_vs_pre_first_hold,sma_5,technical_indicator,707,99003,0.7261962636673063,0.6086788825711227,0.8441696132054812,0.6973506812899958,0.11751738109618359,0.09314401637074554
validation,first_sale_vs_pre_first_hold,Semiconductor_Close,macro_market,707,99003,0.9864873396668954,0.016069508196585303,0.8423499854413568,-0.014664258634343062,0.9704178314703101,0.8145829883721665
validation,first_sale_vs_pre_first_hold,PC9,pca_feature,707,99003,-0.6060933755092162,0.08062801549118744,-1.103155975462952,-0.16782990235946102,-0.6867213910004036,-0.2415221313657832
validation,first_sale_vs_pre_first_hold,PC2,pca_feature,707,99003,-3.6094427343210507,-0.5014040591218537,-2.953253177584901,-0.48516674013981287,-3.108038675199197,-0.4490457767885794
