split,scenario,rank,episode_id,ticker,episode_start_date,tax_transition_date,terminal_date,preferred_final_after_tax_value,hold_to_terminal_final_after_tax_value,sell_immediately_final_after_tax_value,sell_half_then_hold_final_after_tax_value,sell_quarters_over_time_final_after_tax_value,random_policy_final_after_tax_value,optional_0p090_dqn_final_after_tax_value,dqn_minus_hold,dqn_minus_sell_immediately,dqn_minus_sell_half_then_hold,dqn_minus_sell_quarters_over_time,first_sale_day,first_sale_executed_fraction,short_term_sold_fraction,long_term_sold_fraction,terminal_liquidation_flag,no_cut_flag,discretionary_sale_flag,post_sale_drawdown,post_sale_upside,representativeness_score,preferred_path_num_points,preferred_path_unique_dates,preferred_after_tax_value_path_range
validation,dqn_sells_early_avoids_later_loss,1,OHI_2022-05-02,OHI,2022-08-03,2023-05-02,2023-05-02,0.2201226883496744,0.1397906647582826,0.2449370776437054,0.192363871200994,0.245758541555951,0.2449370776437054,0.1397906647582826,0.0803320235913918,-0.024814389294030986,0.02775881714868042,-0.025635853206276593,100.0,0.5,1.0,0.0,False,False,True,0.1825710325569112,0.0,0.03780403817266963,123,123,0.1616519290090123
validation,dqn_sells_early_avoids_later_loss,2,PII_2022-10-20,PII,2023-02-15,2023-10-20,2023-10-20,0.1335200017553065,0.0260789502030592,0.2438952861121534,0.1349871181576063,0.2346192066431327,0.2433251380828643,0.1335200017553065,0.10744105155224731,-0.11037528435684688,-0.0014671164022997951,-0.1010992048878262,99.0,0.75,1.0,0.0,False,False,True,0.47737977508472573,0.3470723379240437,0.04089229137548747,73,73,0.14547770710134839
validation,dqn_sells_early_avoids_later_loss,3,DTE_2021-11-30,DTE,2022-04-20,2022-11-30,2022-11-30,0.157682116455336,0.0914762554224329,0.2445652005418582,0.1680207279821456,0.2321369255565112,0.2445652005418582,0.0914762554224329,0.0662058610329031,-0.0868830840865222,-0.010338611526809593,-0.07445480910117519,99.0,0.25,1.0,0.0,False,False,True,0.1824290878314565,0.0653736868004342,0.047961946762904356,125,125,0.1705096483272033
validation,dqn_sells_early_avoids_later_loss,4,CPAY_2021-12-01,CPAY,2022-04-19,2022-12-01,2022-12-01,0.0904751721732814,-0.022655992681738,0.2425546693162949,0.1099493383172784,0.2317809962793263,0.2425546693162949,-0.022655992681738,0.1131311648550194,-0.1520794971430135,-0.01947416614399701,-0.14130582410604492,100.0,0.25,1.0,0.0,False,False,True,0.19932280244149747,0.08225864722322807,0.05055065864651352,79,79,0.2264193100532269
validation,dqn_sells_early_avoids_later_loss,5,BIDU_2022-03-15,BIDU,2022-03-16,2023-03-15,2023-03-15,0.2398278370658916,0.2048672496017939,0.3168127712111499,0.2608400104064719,0.298656979924724,0.2925988394316516,0.2048672496017939,0.03496058746409772,-0.07698493414525831,-0.02101217334058031,-0.058829142858832395,93.0,0.75,1.0,0.0,False,False,True,0.2502306311539624,0.18813434126568396,0.05539769652218593,68,68,0.3679905075983153
validation,dqn_sells_early_avoids_later_loss,6,V_2020-10-28,V,2021-06-11,2021-10-28,2021-10-28,0.1982992883588668,0.1500010381120422,0.246409644965822,0.1982053415389321,0.2371868037815659,0.2424602647006613,0.1500010381120422,0.048298250246824576,-0.0481103566069552,9.394681993468712e-05,-0.03888751542269911,97.0,0.75,1.0,0.0,False,False,True,0.13369555350436557,0.05311106151890166,0.057933049612474946,78,78,0.1238518670267037
validation,dqn_sells_early_avoids_later_loss,7,FOXA_2022-10-27,FOXA,2023-02-15,2023-10-27,2023-10-27,0.0904188985441364,0.0546777770546502,0.2567444281437806,0.1557111025992154,0.2464890644101972,0.2498597528560961,0.0904188985441364,0.0357411214894862,-0.16632552959964422,-0.06529220405507899,-0.1560701658660608,99.0,0.75,1.0,0.0,False,False,True,0.1878461082940217,0.13799206714142387,0.07842668630632126,73,73,0.1828644335670011
validation,dqn_sells_early_avoids_later_loss,8,ERIE_2022-04-29,ERIE,2022-08-02,2023-04-29,2023-04-28,0.4838233010118441,0.3450049854224123,0.2500916421187751,0.2975483137705937,0.2662289415558482,0.2500916421187751,0.4838233010118441,0.1388183155894318,0.23373165889306902,0.1862749872412504,0.21759435945599592,101.0,0.5,1.0,0.0,False,False,True,0.3964383637516191,0.18739268169691825,0.0802060633491799,107,107,0.3245170482862496
validation,dqn_sells_early_avoids_later_loss,9,PSN_2022-01-28,PSN,2022-07-22,2023-01-28,2023-01-27,0.4875274744141072,0.3904039891710665,0.3163072452529455,0.353355617212006,0.3301185861439559,0.3278843830749911,0.3904039891710665,0.09712348524304071,0.1712202291611617,0.13417185720210123,0.15740888827015131,112.0,0.5,1.0,0.0,False,False,True,0.22419566328751483,0.032506743154925966,0.08216202665358245,114,114,0.28814287743993927
validation,dqn_sells_early_avoids_later_loss,10,OLLI_2022-03-14,OLLI,2022-04-04,2023-03-14,2023-03-14,0.4211815680118256,0.3398020953293744,0.2433422932349463,0.2915721942821604,0.2262637551758551,0.219633898284588,0.4211815680118256,0.08137947268245121,0.1778392747768793,0.1296093737296652,0.1949178128359705,74.0,0.75,1.0,0.0,False,False,True,0.4901548462628935,0.34654756879399384,0.08437563670065783,55,55,0.34920788368428246
validation,dqn_sells_too_early_underperforms_hold,1,AMP_2022-07-14,AMP,2023-02-08,2023-07-14,2023-07-14,0.3114410058138594,0.4912256205194971,0.4804768447931582,0.4858512326563277,0.479523579076633,0.4804768447931582,0.4912256205194971,-0.17978461470563767,-0.1690358389792988,-0.17441022684246826,-0.1680825732627736,106.0,0.75,1.0,0.0,False,False,True,0.011807646609301559,0.16507961583848907,0.021969043902940237,78,78,0.27095139750099795
validation,dqn_sells_too_early_underperforms_hold,2,CLF_2022-01-27,CLF,2022-04-07,2023-01-27,2023-01-27,0.141579581961164,0.2997695157663965,0.756752556412104,0.5282610360892502,0.7299571639300939,0.7373103278757195,0.2997695157663965,-0.1581899338052325,-0.61517297445094,-0.38668145412808624,-0.5883775819689299,112.0,0.25,1.0,0.0,False,False,True,0.0,0.2880937902561189,0.03533992271175065,86,86,0.8924158885562371
validation,dqn_sells_too_early_underperforms_hold,3,CPRT_2022-06-16,CPRT,2022-12-01,2023-06-16,2023-06-16,0.4983204552324226,0.6272893137701739,0.2560005286981927,0.4416449212341833,0.2327277588152243,0.2478236598082779,0.6272893137701739,-0.12896885853775136,0.2423199265342299,0.05667553399823927,0.2655926964171983,104.0,0.25,1.0,0.0,False,False,True,0.03658308824948531,0.41000209329566406,0.036783220201454005,121,121,0.36910152465412394
validation,dqn_sells_too_early_underperforms_hold,4,CSCO_2022-10-12,CSCO,2023-02-16,2023-10-12,2023-10-12,0.2198858807039974,0.3712340728907815,0.2495580351725733,0.3103960540316774,0.2329642503517331,0.2484172375039431,0.2198858807039974,-0.15134819218678408,-0.029672154468575906,-0.09051017332768002,-0.013078369647735705,98.0,0.75,1.0,0.0,False,False,True,0.09383389877525317,0.23917825402380966,0.038213410361945095,72,72,0.1299873112828932
validation,dqn_sells_too_early_underperforms_hold,5,FTV_2022-06-17,FTV,2023-02-15,2023-06-17,2023-06-16,0.1786249414787842,0.3114278558396445,0.2433687337015331,0.2773982947705888,0.2297603667698888,0.2338428516523279,0.1786249414787842,-0.1328029143608603,-0.06474379222274892,-0.09877335329180462,-0.051135425291104625,99.0,0.75,1.0,0.0,False,False,True,0.002812395454998562,0.12844676504965924,0.0527904342196149,73,73,0.09696950665456672
validation,dqn_sells_too_early_underperforms_hold,6,SFM_2021-10-27,SFM,2022-03-18,2022-10-27,2022-10-27,0.1226447804366513,0.2802746803766698,0.3776827654047984,0.3289787228907341,0.386781313448815,0.3799109624598557,0.2802746803766698,-0.15762989994001853,-0.2550379849681471,-0.20633394245408282,-0.2641365330121637,91.0,0.75,1.0,0.0,False,False,True,0.1369485945882314,0.30284926853268357,0.05970948038648843,66,66,0.4371018965934807
validation,dqn_sells_too_early_underperforms_hold,7,STLA_2022-07-06,STLA,2022-11-22,2023-07-06,2023-07-06,0.3807765481518229,0.5719750957453428,0.2528368265166845,0.4124059611310137,0.2479477078594769,0.2505668717794974,0.3776434238467615,-0.1911985475935199,0.1279397216351384,-0.03162941297919081,0.13282884029234598,113.0,0.25,1.0,0.0,False,False,True,0.04242843080725511,0.22114860954792603,0.06116075456860024,127,127,0.3478251882469854
validation,dqn_sells_too_early_underperforms_hold,8,HLI_2022-07-14,HLI,2023-02-17,2023-07-14,2023-07-14,0.1488360877592224,0.3491534519940965,0.2730832299672889,0.3111183409806927,0.2485529461957923,0.2730832299672889,0.1488360877592224,-0.20031736423487406,-0.12424714220806649,-0.16228225322147027,-0.09971685843656988,97.0,0.75,1.0,0.0,False,False,True,0.0,0.2046471631924367,0.06631131724170045,71,71,0.14987329476454642
validation,dqn_sells_too_early_underperforms_hold,9,ITT_2022-06-17,ITT,2022-11-15,2023-06-17,2023-06-16,0.1947593822266046,0.3641630964937176,0.2527103295017893,0.3084367129977534,0.2515440563757314,0.2494953023392938,0.1947593822266046,-0.16940371426711298,-0.05795094727518468,-0.11367733077114878,-0.0567846741491268,120.0,0.25,1.0,0.0,False,False,True,0.0,0.14805858400331418,0.06714369901997111,132,132,0.2219782233225909
validation,dqn_sells_too_early_underperforms_hold,10,MPWR_2022-01-27,MPWR,2022-08-02,2023-01-27,2023-01-27,0.0556108881325469,0.1670636295089208,0.3273842379510555,0.2472239337299881,0.3679394741449119,0.3644536283611223,0.1670636295089208,-0.11145274137637391,-0.2717733498185086,-0.1916130455974412,-0.312328586012365,100.0,0.75,1.0,0.0,False,False,True,0.02145612294991639,0.1304178814382897,0.07017235323584733,88,88,0.536542109039556
validation,dqn_waits_correctly_until_long_term,1,AAON_2023-01-05,AAON,2023-11-28,2024-01-05,2024-01-05,0.4933670876812824,0.4933670876812824,0.2617396808297071,0.3775533842554948,0.2679606596387268,0.2677014674186631,0.4933670876812824,0.0,0.2316274068515753,0.11581370342578762,0.22540642804255562,,,0.0,1.0,True,True,False,,,0.0,26,26,0.2316274068515753
validation,dqn_waits_correctly_until_long_term,2,AAPL_2020-11-02,AAPL,2021-10-21,2021-11-02,2021-11-02,0.3486020636406978,0.3486020636406978,0.3095955359237381,0.329098799782218,0.3062494614619961,0.3095955359237381,0.3486020636406978,0.0,0.03900652771695967,0.01950326385847978,0.04235260217870168,,,0.0,1.0,True,True,False,,,0.0,8,8,0.04528748532207422
validation,dqn_waits_correctly_until_long_term,3,AA_2020-10-01,AA,2021-09-14,2021-10-01,2021-10-01,3.026594891914887,3.026594891914887,2.597413455436444,2.8120041736756654,2.7024167267680075,2.7279582583169604,3.026594891914887,0.0,0.429181436478443,0.2145907182392217,0.3241781651468796,,,0.0,1.0,True,True,False,,,0.0,13,13,0.5994577467791329
validation,dqn_waits_correctly_until_long_term,4,ABBV_2020-11-06,ABBV,2021-11-04,2021-11-06,2021-11-05,0.2897317510290612,0.2897317510290612,0.2595735496989745,0.2746526503640178,0.2821922006965395,0.2821922006965395,0.2897317510290612,0.0,0.030158201330086676,0.015079100665043366,0.007539550332521683,,,0.0,1.0,True,True,False,,,0.0,1,1,0.0
validation,dqn_waits_correctly_until_long_term,5,ABBV_2021-11-30,ABBV,2022-11-07,2022-11-30,2022-11-30,0.4065558946427361,0.4065558946427361,0.2705121038588972,0.3385339992508167,0.2733706642178183,0.2746634228129248,0.4065558946427361,0.0,0.13604379078383894,0.06802189539191944,0.1331852304249178,,,0.0,1.0,True,True,False,,,0.0,16,16,0.13953949354777123
validation,dqn_waits_correctly_until_long_term,6,ABT_2020-06-29,ABT,2021-06-28,2021-06-29,2021-06-29,0.3023063764963403,0.3023063764963403,0.2580671311236888,0.2801867538100145,0.2912465651531774,0.2580671311236888,0.3023063764963403,0.0,0.0442392453726515,0.02211962268632578,0.011059811343162917,,,0.0,1.0,True,True,False,,,0.0,1,1,0.0
validation,dqn_waits_correctly_until_long_term,7,ACGL_2021-02-25,ACGL,2022-02-23,2022-02-25,2022-02-25,0.3049677849850045,0.3049677849850045,0.2459137355205503,0.2754407602527774,0.2733914798846482,0.2377166140480335,0.3049677849850045,0.0,0.059054049464454195,0.02952702473222707,0.031576305100356306,,,0.0,1.0,True,True,False,,,0.0,2,2,0.059054049464454195
validation,dqn_waits_correctly_until_long_term,8,ACN_2023-03-15,ACN,2023-06-15,2024-03-14,2024-03-14,0.5030859226853789,0.5030859226853789,0.2589101870625939,0.3809980548739864,0.2414684569391256,0.2519401175559063,0.5030859226853789,0.0,0.244175735622785,0.12208786781139247,0.2616174657462533,,,0.0,1.0,True,True,False,,,0.0,187,187,0.3478875746261036
validation,dqn_waits_correctly_until_long_term,9,ADI_2020-09-23,ADI,2021-08-12,2021-09-23,2021-09-23,0.5412488649879594,0.5412488649879594,0.4185653720793845,0.4799071185336719,0.4216758326258871,0.4240225973768382,0.5412488649879594,0.0,0.12268349290857494,0.06134174645428753,0.11957303236207234,,,0.0,1.0,True,True,False,,,0.0,29,29,0.17208582542652762
validation,dqn_waits_correctly_until_long_term,10,ADP_2020-09-23,ADP,2021-08-26,2021-09-23,2021-09-23,0.535091872704062,0.535091872704062,0.5118380092413645,0.5234649409727132,0.5211280955156503,0.5148337566297903,0.535091872704062,0.0,0.023253863462697533,0.011626931731348766,0.013963777188411686,,,0.0,1.0,True,True,False,,,0.0,19,19,0.0814652129535115
validation,dqn_behaves_like_hold_to_terminal,1,AAL_2022-09-26,AAL,2023-06-09,2023-09-26,2023-09-26,0.0636162022677347,0.0636162022677347,0.2527867721428347,0.1582014872052847,0.2904322580869534,0.2931577518003819,0.0636162022677347,0.0,-0.18917056987509998,-0.09458528493755,-0.22681605581921868,,,0.0,1.0,True,True,False,,,0.0,74,74,0.4092517423573977
validation,dqn_behaves_like_hold_to_terminal,2,AAON_2023-01-05,AAON,2023-11-28,2024-01-05,2024-01-05,0.4933670876812824,0.4933670876812824,0.2617396808297071,0.3775533842554948,0.2679606596387268,0.2677014674186631,0.4933670876812824,0.0,0.2316274068515753,0.11581370342578762,0.22540642804255562,,,0.0,1.0,True,True,False,,,0.0,26,26,0.2316274068515753
validation,dqn_behaves_like_hold_to_terminal,3,AAPL_2020-11-02,AAPL,2021-10-21,2021-11-02,2021-11-02,0.3486020636406978,0.3486020636406978,0.3095955359237381,0.329098799782218,0.3062494614619961,0.3095955359237381,0.3486020636406978,0.0,0.03900652771695967,0.01950326385847978,0.04235260217870168,,,0.0,1.0,True,True,False,,,0.0,8,8,0.04528748532207422
validation,dqn_behaves_like_hold_to_terminal,4,AA_2020-10-01,AA,2021-09-14,2021-10-01,2021-10-01,3.026594891914887,3.026594891914887,2.597413455436444,2.8120041736756654,2.7024167267680075,2.7279582583169604,3.026594891914887,0.0,0.429181436478443,0.2145907182392217,0.3241781651468796,,,0.0,1.0,True,True,False,,,0.0,13,13,0.5994577467791329
validation,dqn_behaves_like_hold_to_terminal,5,AA_2022-09-30,AA,2022-11-10,2023-09-30,2023-09-29,-0.1278800635275211,-0.1278800635275211,0.2468298846914226,0.0594749105819507,0.3286634269928343,0.3159671894962804,-0.1278800635275211,0.0,-0.3747099482189437,-0.1873549741094718,-0.45654349052035537,,,0.0,1.0,True,True,False,,,0.0,221,221,0.7521079559030404
validation,dqn_behaves_like_hold_to_terminal,6,ABBV_2020-11-06,ABBV,2021-11-04,2021-11-06,2021-11-05,0.2897317510290612,0.2897317510290612,0.2595735496989745,0.2746526503640178,0.2821922006965395,0.2821922006965395,0.2897317510290612,0.0,0.030158201330086676,0.015079100665043366,0.007539550332521683,,,0.0,1.0,True,True,False,,,0.0,1,1,0.0
validation,dqn_behaves_like_hold_to_terminal,7,ABBV_2021-11-30,ABBV,2022-11-07,2022-11-30,2022-11-30,0.4065558946427361,0.4065558946427361,0.2705121038588972,0.3385339992508167,0.2733706642178183,0.2746634228129248,0.4065558946427361,0.0,0.13604379078383894,0.06802189539191944,0.1331852304249178,,,0.0,1.0,True,True,False,,,0.0,16,16,0.13953949354777123
validation,dqn_behaves_like_hold_to_terminal,8,ABT_2020-06-29,ABT,2021-06-28,2021-06-29,2021-06-29,0.3023063764963403,0.3023063764963403,0.2580671311236888,0.2801867538100145,0.2912465651531774,0.2580671311236888,0.3023063764963403,0.0,0.0442392453726515,0.02211962268632578,0.011059811343162917,,,0.0,1.0,True,True,False,,,0.0,1,1,0.0
validation,dqn_behaves_like_hold_to_terminal,9,ACGL_2021-02-25,ACGL,2022-02-23,2022-02-25,2022-02-25,0.3049677849850045,0.3049677849850045,0.2459137355205503,0.2754407602527774,0.2733914798846482,0.2377166140480335,0.3049677849850045,0.0,0.059054049464454195,0.02952702473222707,0.031576305100356306,,,0.0,1.0,True,True,False,,,0.0,2,2,0.059054049464454195
validation,dqn_behaves_like_hold_to_terminal,10,ACI_2022-10-07,ACI,2023-09-08,2023-10-07,2023-10-06,0.2349015689144885,0.2349015689144885,0.2568568221587287,0.2458791955366086,0.2585469026699526,0.2568568221587287,0.2349015689144885,0.0,-0.02195525324424019,-0.010977626622120124,-0.023645333755464126,,,0.0,1.0,True,True,False,,,0.0,20,20,0.049124123770603906
validation,partial_liquidation_useful,1,SPGI_2022-10-14,SPGI,2023-01-27,2023-10-14,2023-10-13,0.2538480245874009,0.2528488984675065,0.2471440745462469,0.2499964865068767,0.2457946915093845,0.2493343768045348,0.2528488984675065,0.000999126119894389,0.006703950041154011,0.003851538080524214,0.008053333078016423,131.0,0.5,0.5,0.5,True,False,True,0.22445557189924847,0.19059594582354555,0.06368566225711274,179,179,0.21967010334906328
validation,partial_liquidation_useful,2,TMHC_2022-06-17,TMHC,2023-02-17,2023-06-17,2023-06-16,1.077814807768486,1.1334944528606037,0.591721332804303,0.8626078928324532,0.5701420648721611,0.5810781585586529,1.077814807768486,-0.05567964509211776,0.486093474964183,0.21520691493603272,0.5076727428963248,110.0,0.5,0.5,0.5,True,False,True,0.033832805455330295,0.03093278748808803,0.07632644228823274,82,82,0.5286661719467833
validation,partial_liquidation_useful,3,RMBS_2022-07-01,RMBS,2023-02-10,2023-07-01,2023-06-30,1.802997002387196,1.9010953826230257,0.9697984512959134,1.4354469169594697,0.976372377946826,0.9697984512959134,1.9010953826230257,-0.09809838023582973,0.8331985510912826,0.36755008542772627,0.82662462444037,117.0,0.5,0.5,0.5,True,False,True,0.013598774998633711,0.020398162497950345,0.09096739965416693,96,96,0.9925421160638769
validation,partial_liquidation_useful,4,CARR_2023-04-26,CARR,2023-11-15,2024-04-25,2024-04-25,0.3896991447520114,0.4441850269897001,0.2454658323393331,0.3448254296645166,0.2577424139398698,0.250446895144653,0.4441850269897001,-0.05448588223768869,0.14423331241267828,0.04487371508749477,0.1319567308121416,148.0,0.5,0.5,0.5,True,False,True,0.0,0.07971141435893547,0.09894220324332748,110,110,0.1688543733433601
validation,partial_liquidation_useful,5,STAG_2022-10-10,STAG,2023-01-11,2023-10-10,2023-10-10,0.3210121051625705,0.3212218776695238,0.2494422696442804,0.2853320736569021,0.2575117194438119,0.254618895337584,0.3210121051625705,-0.00020977250695330962,0.0715698355182901,0.0356800315056684,0.0635003857187586,147.0,0.5,0.5,0.5,True,False,True,0.12241708820611241,0.08306208422114136,0.12596882712232854,187,187,0.20047237703518161
validation,partial_liquidation_useful,6,NTAP_2022-12-28,NTAP,2023-06-27,2023-12-28,2023-12-28,0.4938179458033573,0.5040831691917055,0.2501968338834814,0.3771400015375934,0.2602180319403301,0.2602180604387079,0.4938179458033573,-0.010265223388348177,0.2436211119198759,0.11667794426576389,0.2335999138630272,160.0,0.5,0.5,0.5,True,False,True,0.04283114684722822,0.00566370433065333,0.16750067782823524,128,128,0.2890522060939484
validation,partial_liquidation_useful,7,GWRE_2022-11-09,GWRE,2023-01-13,2023-11-09,2023-11-09,0.4669004759858112,0.630360613429386,0.2452694049985356,0.4378150092139608,0.2468810226424194,0.2451159162098328,0.630360613429386,-0.1634601374435748,0.22163107098727558,0.029085466771850366,0.2200194533433918,145.0,0.5,0.5,0.5,True,False,True,0.08641980854495057,0.412725597856872,0.19601169654445166,207,207,0.2313790648333321
validation,partial_liquidation_useful,8,GIS_2021-09-07,GIS,2022-04-20,2022-09-07,2022-09-07,0.3156387112390099,0.3452075182137704,0.2524163659846297,0.2988119420992,0.2502320708588041,0.2524163659846297,0.3452075182137704,-0.029568806974760498,0.0632223452543802,0.016826769139809905,0.06540664038020577,76.0,0.25,0.5,0.5,True,False,True,0.03938111223256291,0.06955107795654714,0.2116891577338864,96,96,0.16078475310424148
validation,partial_liquidation_useful,9,ED_2021-02-26,ED,2021-12-13,2022-02-26,2022-02-25,0.2846875975511233,0.3247232923122085,0.2503585061973818,0.2875408992547951,0.256603810233535,0.2560648296002405,0.3247232923122085,-0.040035694761085205,0.03432909135374146,-0.002853301703671818,0.02808378731758826,63.0,0.5,0.5,0.5,True,False,True,0.0,0.05877717214666034,0.2528095715348633,51,51,0.0731676359859921
validation,partial_liquidation_useful,10,VMC_2022-06-23,VMC,2022-11-25,2023-06-23,2023-06-23,0.4247569290891106,0.4758338953141529,0.2440284182909708,0.3599311568025619,0.2317476006656524,0.2387775093643756,0.4247569290891106,-0.051076966225042264,0.1807285107981398,0.06482577228654873,0.19300932842345822,194.0,0.5,0.5,0.5,True,False,True,0.0,0.06734588422105481,0.27807296977036355,143,143,0.3066230824098325
validation,dqn_loses_to_all_major_benchmarks,1,MPWR_2022-01-27,MPWR,2022-08-02,2023-01-27,2023-01-27,0.0556108881325469,0.1670636295089208,0.3273842379510555,0.2472239337299881,0.3679394741449119,0.3644536283611223,0.1670636295089208,-0.11145274137637391,-0.2717733498185086,-0.1916130455974412,-0.312328586012365,100.0,0.75,1.0,0.0,False,False,True,0.02145612294991639,0.1304178814382897,0.011994953577613168,88,88,0.536542109039556
validation,dqn_loses_to_all_major_benchmarks,2,SR_2021-12-01,SR,2022-04-18,2022-12-01,2022-12-01,0.1447483869549406,0.2172653720279092,0.2509892507079763,0.2341273113679428,0.266553675283581,0.2615730407680033,0.2172653720279092,-0.07251698507296858,-0.10624086375303568,-0.08937892441300219,-0.12180528832864038,101.0,0.25,1.0,0.0,False,False,True,0.09504096911185256,0.051819196592573835,0.03090905669404613,125,125,0.17214388181440432
validation,dqn_loses_to_all_major_benchmarks,3,FTV_2022-06-17,FTV,2023-02-15,2023-06-17,2023-06-16,0.1786249414787842,0.3114278558396445,0.2433687337015331,0.2773982947705888,0.2297603667698888,0.2338428516523279,0.1786249414787842,-0.1328029143608603,-0.06474379222274892,-0.09877335329180462,-0.051135425291104625,99.0,0.75,1.0,0.0,False,False,True,0.002812395454998562,0.12844676504965924,0.03731338053035353,73,73,0.09696950665456672
validation,dqn_loses_to_all_major_benchmarks,4,JAZZ_2021-11-30,JAZZ,2022-03-16,2022-11-30,2022-11-30,0.1656716247726759,0.2775450743307444,0.2592769212316427,0.2684109977811936,0.2575578392392984,0.2578275042021497,0.2775450743307444,-0.11187344955806847,-0.09360529645896679,-0.10273937300851768,-0.09188621446662251,93.0,0.75,1.0,0.0,False,False,True,0.035621831282502736,0.15241502123176365,0.0401934395370855,68,68,0.18249163608469943
validation,dqn_loses_to_all_major_benchmarks,5,SATS_2022-09-23,SATS,2023-02-24,2023-09-23,2023-09-22,0.0563791172363946,0.1392557959373472,0.2547499340929707,0.1970028650151589,0.2393500662612687,0.2419602433064752,0.1392557959373472,-0.08287667870095258,-0.1983708168565761,-0.1406237477787643,-0.1829709490248741,96.0,0.5,1.0,0.0,False,False,True,0.3785530221989266,0.5148578520050202,0.04039063290733197,72,72,0.2773597169188975
validation,dqn_loses_to_all_major_benchmarks,6,MS_2022-06-17,MS,2022-11-30,2023-06-17,2023-06-16,0.1501999445397754,0.2266536770916895,0.2434675428974846,0.235060609994587,0.2313215508557066,0.2405299289119808,0.1418799485773246,-0.0764537325519141,-0.0932675983577092,-0.0848606654548116,-0.08112160631593121,105.0,0.25,1.0,0.0,False,False,True,0.031953424154579135,0.08076172733910747,0.04284532508811649,122,122,0.20547146364110191
validation,dqn_loses_to_all_major_benchmarks,7,MO_2021-11-30,MO,2022-04-11,2022-11-30,2022-11-30,0.074441490558656,0.1620220622139193,0.2617260550834596,0.2118740586486895,0.2683079990452626,0.2657046902068315,0.1620220622139193,-0.0875805716552633,-0.18728456452480358,-0.1374325680900335,-0.19386650848660658,108.0,0.25,1.0,0.0,False,False,True,0.0,0.08977124830971062,0.04362324788952919,127,127,0.28703981445894616
validation,dqn_loses_to_all_major_benchmarks,8,CSCO_2022-10-12,CSCO,2023-02-16,2023-10-12,2023-10-12,0.2198858807039974,0.3712340728907815,0.2495580351725733,0.3103960540316774,0.2329642503517331,0.2484172375039431,0.2198858807039974,-0.15134819218678408,-0.029672154468575906,-0.09051017332768002,-0.013078369647735705,98.0,0.75,1.0,0.0,False,False,True,0.09383389877525317,0.23917825402380966,0.05982691232453127,72,72,0.1299873112828932
validation,dqn_loses_to_all_major_benchmarks,9,PKG_2021-12-10,PKG,2022-05-04,2022-12-10,2022-12-09,-0.0217644979589016,0.0812883837791475,0.2509492900367044,0.1661188369079259,0.2341149934050158,0.2227642239518429,-0.0556481611638304,-0.1030528817380491,-0.272713787995606,-0.18788333486682748,-0.2558794913639174,85.0,0.25,1.0,0.0,False,False,True,0.07308321280260066,0.044704037183406875,0.0638652235210291,106,106,0.2987667334450128
validation,dqn_loses_to_all_major_benchmarks,10,KMI_2021-12-20,KMI,2022-04-18,2022-12-20,2022-12-20,0.1738044974530914,0.2055806575454937,0.244800741619574,0.2251906995825339,0.251667633682772,0.244800741619574,0.2055806575454937,-0.031776160092402306,-0.07099624416648259,-0.051386202129442504,-0.07786313622968061,101.0,0.25,1.0,0.0,False,False,True,0.10746576420403353,0.11601241919614314,0.0716498816746124,125,125,0.2235786539983854
test,dqn_sells_early_avoids_later_loss,1,ABNB_2023-05-25,ABNB,2024-02-23,2024-05-24,2024-05-24,0.4455694504410099,0.3445021391676989,0.3733264616223621,0.3589143003950304,0.3670965838146944,0.3710047562941045,0.4455694504410099,0.10106731127331098,0.07224298881864777,0.08665515004597946,0.07847286662631547,48.0,0.5,1.0,0.0,False,False,True,0.20063203711559496,0.0,0.006414497362027233,47,47,0.1463432474304313
test,dqn_sells_early_avoids_later_loss,2,RGEN_2024-07-08,RGEN,2024-12-12,2025-07-08,2025-07-08,0.1555789550455493,0.0657585017497164,0.2442042196812137,0.1549813607154651,0.2568528915717132,0.2561445675928111,0.0109413422804685,0.08982045329583291,-0.08862526463566439,0.0005975943300842168,-0.1012739365261639,46.0,0.25,1.0,0.0,False,False,True,0.38133406449159835,0.05200777142260282,0.012768868551958773,80,80,0.2604229910710163
test,dqn_sells_early_avoids_later_loss,3,TSLA_2024-04-22,TSLA,2025-02-20,2025-04-22,2025-04-22,0.7146750131963548,0.606514188697024,1.2080255115453873,0.9072698501212056,1.0770825841953753,1.1608081069552472,0.7146750131963548,0.10816082449933084,-0.49335049834903244,-0.1925948369248508,-0.36240757099902043,48.0,0.75,1.0,0.0,False,False,True,0.24097156107667228,0.0,0.013508010588047098,39,39,0.7539990585955749
test,dqn_sells_early_avoids_later_loss,4,EW_2023-10-27,EW,2024-05-15,2024-10-26,2024-10-25,0.2107660132784353,0.1116381859918083,0.3725562962287102,0.2420972411102593,0.3678092743445501,0.362538485523746,0.2107660132784353,0.099127827286627,-0.16179028295027492,-0.03133122783182399,-0.15704326106611477,51.0,0.5,1.0,0.0,False,False,True,0.395397859145624,0.023659035912058757,0.01637977528010516,59,59,0.23006367534063682
test,dqn_sells_early_avoids_later_loss,5,CNX_2024-02-14,CNX,2024-08-09,2025-02-13,2025-02-13,0.5842230821673511,0.5259351246144388,0.2836544529301458,0.4047947887722923,0.2962613455581192,0.2950006502839004,0.7311982094528716,0.05828795755291227,0.3005686292372053,0.17942829339505878,0.28796173660923186,48.0,0.25,1.0,0.0,False,False,True,0.5512220818408304,0.5647426348866471,0.03636485635837147,40,40,0.3005686292372053
test,dqn_sells_early_avoids_later_loss,6,HOMB_2024-04-16,HOMB,2024-12-17,2025-04-16,2025-04-16,0.2557417935460084,0.1724721042189722,0.2888023381651385,0.2306372211920554,0.2449557547349035,0.2757220437910201,0.1676846889601377,0.08326968932703621,-0.033060544619130106,0.025104572353952997,0.010786038811104903,41.0,0.25,1.0,0.0,False,False,True,0.23193457232469106,0.035108806778662904,0.03916090236202531,58,58,0.1402907900561962
test,dqn_sells_early_avoids_later_loss,7,CAR_2024-05-01,CAR,2024-05-13,2025-05-01,2025-05-01,0.0551384340190635,-0.0187862667999669,0.2455430051697903,0.1133783691849117,0.2478031213362802,0.2607881667345998,0.0551384340190635,0.07392470081903041,-0.1904045711507268,-0.0582399351658482,-0.1926646873172167,53.0,0.5,1.0,0.0,False,False,True,0.2022163169679667,0.07366750108220654,0.040569382933523176,50,50,0.22767527531445192
test,dqn_sells_early_avoids_later_loss,8,MZTI_2023-09-08,MZTI,2024-02-29,2024-09-07,2024-09-06,0.1916871721386533,0.1170751477192651,0.2464325199722143,0.1817538338457397,0.2424701107866907,0.2437059550040209,0.1510308900957033,0.0746120244193882,-0.054745347833561,0.009933338292913596,-0.0507829386480374,42.0,0.5,1.0,0.0,False,False,True,0.13302657151493968,0.005608287242836463,0.04385031330141935,57,57,0.08466581450648608
test,dqn_sells_early_avoids_later_loss,9,VLY_2024-06-14,VLY,2024-08-23,2025-06-14,2025-06-13,0.4105627014995529,0.3368345656897653,0.2937420387410556,0.3152883022154105,0.2705028511738499,0.2937420387410556,0.4418101268944083,0.0737281358097876,0.11682066275849728,0.09527439928414239,0.14005985032570295,42.0,0.5,1.0,0.0,False,False,True,0.30095616198986663,0.29539292652850047,0.044734201911019955,53,53,0.21473473901083087
test,dqn_sells_early_avoids_later_loss,10,COHR_2024-04-19,COHR,2025-03-03,2025-04-19,2025-04-17,0.1948889557637592,0.1099502337489516,0.3118550582027882,0.2109026459758699,0.3185810514896641,0.3278497674281374,0.1948889557637592,0.0849387220148076,-0.116966102439029,-0.016013690212110715,-0.1236920957259049,37.0,0.75,1.0,0.0,False,False,True,0.15732846658689814,0.0,0.0533648855472698,29,29,0.4286571559068994
test,dqn_sells_too_early_underperforms_hold,1,AEP_2023-10-05,AEP,2024-05-09,2024-10-04,2024-10-04,0.2510802577751954,0.4181136472529809,0.2563468190714447,0.3372302331622128,0.2594776281815597,0.2563468190714447,0.4181136472529809,-0.1670333894777855,-0.005266561296249306,-0.08614997538701741,-0.008397370406364346,57.0,0.5,1.0,0.0,False,False,True,0.06824771416905762,0.2612798445624389,0.005752770301851853,49,49,0.06764716951287553
test,dqn_sells_too_early_underperforms_hold,2,TNL_2023-10-27,TNL,2024-02-12,2024-10-26,2024-10-25,0.3261900114666071,0.4752345553699794,0.2521855239581812,0.3637100396640803,0.2262253605308229,0.2521855239581812,0.3261900114666071,-0.1490445439033723,0.07400448750842586,-0.03752002819747319,0.09996465093578419,59.0,0.5,1.0,0.0,False,False,True,0.056979333995475834,0.1481440505007816,0.023741615876265068,55,55,0.2323277959001965
test,dqn_sells_too_early_underperforms_hold,3,PDD_2024-08-28,PDD,2024-10-21,2025-08-28,2025-08-28,0.1477634968843287,0.3329091998504409,0.3234394029958015,0.3281743014231212,0.3181151736121509,0.3234394029958015,0.0315493514479764,-0.18514570296611219,-0.1756759061114728,-0.18041080453879252,-0.17035167672782223,56.0,0.5,1.0,0.0,False,False,True,0.10227649775105263,0.3558371243590479,0.024264305091236726,65,65,0.28954573358807445
test,dqn_sells_too_early_underperforms_hold,4,HAS_2023-11-13,HAS,2024-05-15,2024-11-12,2024-11-12,0.308496627391313,0.4783102554948152,0.3609504102922318,0.4196303328935234,0.3617231810913042,0.3536087622698869,0.308496627391313,-0.1698136281035022,-0.05245378290091879,-0.11113370550221041,-0.053226553699991186,51.0,0.5,1.0,0.0,False,False,True,0.23004745161726503,0.4096218270605527,0.028773500069896582,45,45,0.1142776558139581
test,dqn_sells_too_early_underperforms_hold,5,WMB_2024-02-14,WMB,2024-10-18,2025-02-13,2025-02-13,0.5700274424883653,0.7334006008059989,0.5180296168760683,0.6257151088410335,0.5146737418901046,0.5157501717426294,0.5700274424883653,-0.16337315831763355,0.051997825612297044,-0.0556876663526682,0.055353700598260724,52.0,0.5,1.0,0.0,False,False,True,0.10021534891265005,0.20329261749990635,0.029254271303273655,42,42,0.20717603381202515
test,dqn_sells_too_early_underperforms_hold,6,KEYS_2024-08-07,KEYS,2025-02-03,2025-08-07,2025-08-07,0.1373183456766233,0.3101660041921568,0.3806551909990204,0.3454105975955887,0.3842284341886751,0.3814979193223041,0.1373183456766233,-0.1728476585155335,-0.2433368453223971,-0.20809225191896538,-0.2469100885120518,65.0,0.75,1.0,0.0,False,False,True,0.05623231652630212,0.21266482031840273,0.03180753048192787,48,48,0.39164468519040707
test,dqn_sells_too_early_underperforms_hold,7,DOC_2023-10-31,DOC,2024-05-09,2024-10-30,2024-10-30,0.3024327900398605,0.5017804912948443,0.255146841430846,0.3784636663628451,0.2632101244313757,0.2618434599032357,0.3024327900398605,-0.19934770125498374,0.04728594860901453,-0.07603087632298461,0.03922266560848481,57.0,0.5,1.0,0.0,False,False,True,0.027441162274752795,0.25141404838962833,0.03449804941185432,49,49,0.08336505660860746
test,dqn_sells_too_early_underperforms_hold,8,RNR_2023-08-22,RNR,2024-02-07,2024-08-21,2024-08-21,0.1969143789032372,0.3540059481995051,0.2669433328831246,0.3104746405413148,0.2383427162277598,0.2577306302530975,0.1969143789032372,-0.15709156929626789,-0.0700289539798874,-0.11356026163807759,-0.041428337324522585,64.0,0.5,1.0,0.0,False,False,True,0.003244041160922251,0.16085484567980401,0.03553586032463932,53,53,0.1020348063619656
test,dqn_sells_too_early_underperforms_hold,9,VNO_2024-05-29,VNO,2025-02-10,2025-05-29,2025-05-29,0.4317554300000797,0.6470725574924547,0.7155798876091003,0.6813262225507775,0.7116241674139266,0.7184567909573336,0.4317554300000797,-0.21531712749237503,-0.2838244576090206,-0.24957079255069775,-0.27986873741384694,58.0,0.75,1.0,0.0,False,False,True,0.06808642581530866,0.23051534213688818,0.04649922168099163,43,43,0.3937760713000482
test,dqn_sells_too_early_underperforms_hold,10,TXN_2023-10-30,TXN,2024-05-06,2024-10-29,2024-10-29,0.3534942467742373,0.4823424030224172,0.245038998812737,0.3636907009175771,0.2608474366278965,0.245038998812737,0.4823424030224172,-0.1288481562481799,0.1084552479615003,-0.010196454143339806,0.0926468101463408,60.0,0.5,1.0,0.0,False,False,True,0.021744152052684873,0.12243546312190756,0.04790625749971142,52,52,0.1304088888972179
test,dqn_waits_correctly_until_long_term,1,AAL_2025-04-08,AAL,2025-10-21,2026-04-08,2025-12-31,0.6199263941310019,0.6199263941310019,0.2922346906351913,0.4560805423830966,0.3276503024288519,0.2806522103689953,0.6199263941310019,0.0,0.3276917034958106,0.16384585174790534,0.29227609170215,,,0.0,1.0,True,True,False,,,0.0,49,49,0.3715300082728883
test,dqn_waits_correctly_until_long_term,2,AAON_2023-12-01,AAON,2024-11-29,2024-11-30,2024-11-29,1.0672802671633326,1.0672802671633326,0.9602195322808827,1.0137498997221075,1.04051508344272,1.04051508344272,1.0672802671633326,0.0,0.10706073488244983,0.05353036744122508,0.02676518372061265,,,0.0,1.0,True,True,False,,,0.0,1,1,0.0
test,dqn_waits_correctly_until_long_term,3,AAPL_2025-04-08,AAPL,2025-08-08,2026-04-08,2025-12-31,0.5228627847327642,0.5228627847327642,0.2682299363122996,0.3955463605225319,0.2716243614008787,0.2751832518204898,0.5228627847327642,0.0,0.2546328484204646,0.12731642421023226,0.25123842333188545,,,0.0,1.0,True,True,False,,,0.0,100,100,0.2892613153639322
test,dqn_waits_correctly_until_long_term,4,AA_2025-04-08,AA,2025-12-23,2026-04-08,2025-12-31,1.2367836278595017,1.2367836278595017,1.1311544584773003,1.183969043168401,1.1374800510410972,1.136214932528338,1.2367836278595017,0.0,0.10562916938220135,0.052814584691100785,0.09930357681840452,,,0.0,1.0,True,True,False,,,0.0,5,5,0.10635211394486044
test,dqn_waits_correctly_until_long_term,5,ABNB_2025-04-08,ABNB,2025-05-13,2026-04-08,2025-12-31,0.2552081018118819,0.2552081018118819,0.2474228014870424,0.2513154516494622,0.2437718263372555,0.2462758979932144,0.2552081018118819,0.0,0.007785300324839511,0.003892650162419742,0.011436275474626417,,,0.0,1.0,True,True,False,,,0.0,160,160,0.2341188726268678
test,dqn_waits_correctly_until_long_term,6,ACGL_2023-03-15,ACGL,2024-02-29,2024-03-14,2024-03-14,0.4050060436027155,0.4050060436027155,0.3200714440123363,0.3625387438075259,0.3166260247119013,0.3200714440123363,0.4050060436027155,0.0,0.08493459959037925,0.04246729979518965,0.0883800188908142,,,0.0,1.0,True,True,False,,,0.0,10,10,0.09073063399002523
test,dqn_waits_correctly_until_long_term,7,ADI_2025-04-04,ADI,2025-05-12,2026-04-04,2025-12-31,0.5995906325010918,0.5995906325010918,0.287449750289879,0.4435201913954854,0.3011595158242918,0.2917823913024041,0.5995906325010918,0.0,0.3121408822112128,0.15607044110560642,0.2984311166768,,,0.0,1.0,True,True,False,,,0.0,161,161,0.3748171130114295
test,dqn_waits_correctly_until_long_term,8,ADM_2025-04-08,ADM,2025-07-22,2026-04-08,2025-12-31,0.3714544049024654,0.3714544049024654,0.2743782340170054,0.3229163194597354,0.2784807525257098,0.2783342421897341,0.3714544049024654,0.0,0.09707617088546,0.04853808544272997,0.09297365237675559,,,0.0,1.0,True,True,False,,,0.0,113,113,0.2131518051692259
test,dqn_waits_correctly_until_long_term,9,ADSK_2022-12-28,ADSK,2023-12-14,2023-12-28,2023-12-28,0.311135748600914,0.311135748600914,0.2617106957487954,0.2864232221748547,0.2585564886052325,0.2666419131246394,0.311135748600914,0.0,0.04942505285211857,0.024712526426059256,0.05257925999568147,,,0.0,1.0,True,True,False,,,0.0,9,9,0.06763947128419948
test,dqn_waits_correctly_until_long_term,10,AEIS_2025-04-04,AEIS,2025-08-28,2026-04-04,2025-12-31,1.4861669382497935,1.4861669382497935,0.784838618207265,1.1355027782285294,0.7176854179638882,0.6925445718209018,1.4861669382497935,0.0,0.7013283200425285,0.3506641600212641,0.7684815202859053,,,0.0,1.0,True,True,False,,,0.0,86,86,0.8248873324135095
test,dqn_behaves_like_hold_to_terminal,1,AAL_2025-04-08,AAL,2025-10-21,2026-04-08,2025-12-31,0.6199263941310019,0.6199263941310019,0.2922346906351913,0.4560805423830966,0.3276503024288519,0.2806522103689953,0.6199263941310019,0.0,0.3276917034958106,0.16384585174790534,0.29227609170215,,,0.0,1.0,True,True,False,,,0.0,49,49,0.3715300082728883
test,dqn_behaves_like_hold_to_terminal,2,AAON_2023-12-01,AAON,2024-11-29,2024-11-30,2024-11-29,1.0672802671633326,1.0672802671633326,0.9602195322808827,1.0137498997221075,1.04051508344272,1.04051508344272,1.0672802671633326,0.0,0.10706073488244983,0.05353036744122508,0.02676518372061265,,,0.0,1.0,True,True,False,,,0.0,1,1,0.0
test,dqn_behaves_like_hold_to_terminal,3,AAPL_2025-04-08,AAPL,2025-08-08,2026-04-08,2025-12-31,0.5228627847327642,0.5228627847327642,0.2682299363122996,0.3955463605225319,0.2716243614008787,0.2751832518204898,0.5228627847327642,0.0,0.2546328484204646,0.12731642421023226,0.25123842333188545,,,0.0,1.0,True,True,False,,,0.0,100,100,0.2892613153639322
test,dqn_behaves_like_hold_to_terminal,4,AA_2025-04-08,AA,2025-12-23,2026-04-08,2025-12-31,1.2367836278595017,1.2367836278595017,1.1311544584773003,1.183969043168401,1.1374800510410972,1.136214932528338,1.2367836278595017,0.0,0.10562916938220135,0.052814584691100785,0.09930357681840452,,,0.0,1.0,True,True,False,,,0.0,5,5,0.10635211394486044
test,dqn_behaves_like_hold_to_terminal,5,ABNB_2025-04-08,ABNB,2025-05-13,2026-04-08,2025-12-31,0.2552081018118819,0.2552081018118819,0.2474228014870424,0.2513154516494622,0.2437718263372555,0.2462758979932144,0.2552081018118819,0.0,0.007785300324839511,0.003892650162419742,0.011436275474626417,,,0.0,1.0,True,True,False,,,0.0,160,160,0.2341188726268678
test,dqn_behaves_like_hold_to_terminal,6,ACGL_2023-03-15,ACGL,2024-02-29,2024-03-14,2024-03-14,0.4050060436027155,0.4050060436027155,0.3200714440123363,0.3625387438075259,0.3166260247119013,0.3200714440123363,0.4050060436027155,0.0,0.08493459959037925,0.04246729979518965,0.0883800188908142,,,0.0,1.0,True,True,False,,,0.0,10,10,0.09073063399002523
test,dqn_behaves_like_hold_to_terminal,7,ADBE_2023-02-24,ADBE,2024-01-25,2024-02-24,2024-02-23,0.6526198569327902,0.6526198569327902,0.7614604242794395,0.7070401406061149,0.7642209475596363,0.7608301212743807,0.6526198569327902,0.0,-0.10884056734664926,-0.05442028367332463,-0.11160109062684609,,,0.0,1.0,True,True,False,,,0.0,20,20,0.2426266114530884
test,dqn_behaves_like_hold_to_terminal,8,ADI_2025-04-04,ADI,2025-05-12,2026-04-04,2025-12-31,0.5995906325010918,0.5995906325010918,0.287449750289879,0.4435201913954854,0.3011595158242918,0.2917823913024041,0.5995906325010918,0.0,0.3121408822112128,0.15607044110560642,0.2984311166768,,,0.0,1.0,True,True,False,,,0.0,161,161,0.3748171130114295
test,dqn_behaves_like_hold_to_terminal,9,ADM_2025-04-08,ADM,2025-07-22,2026-04-08,2025-12-31,0.3714544049024654,0.3714544049024654,0.2743782340170054,0.3229163194597354,0.2784807525257098,0.2783342421897341,0.3714544049024654,0.0,0.09707617088546,0.04853808544272997,0.09297365237675559,,,0.0,1.0,True,True,False,,,0.0,113,113,0.2131518051692259
test,dqn_behaves_like_hold_to_terminal,10,ADSK_2022-12-28,ADSK,2023-12-14,2023-12-28,2023-12-28,0.311135748600914,0.311135748600914,0.2617106957487954,0.2864232221748547,0.2585564886052325,0.2666419131246394,0.311135748600914,0.0,0.04942505285211857,0.024712526426059256,0.05257925999568147,,,0.0,1.0,True,True,False,,,0.0,9,9,0.06763947128419948
test,partial_liquidation_useful,1,MDT_2023-10-27,MDT,2024-08-23,2024-10-26,2024-10-25,0.2836924175715453,0.3134314740796621,0.2467164667190392,0.2800739703993506,0.2509548718321366,0.2555812611009231,0.3134314740796621,-0.029739056508116812,0.03697595085250607,0.003618447172194672,0.03273754573940868,42.0,0.5,0.5,0.5,True,False,True,0.025016542783930173,0.05971182576778267,0.009134227538860645,44,44,0.03960250352782699
test,partial_liquidation_useful,2,FAF_2023-10-25,FAF,2024-08-23,2024-10-24,2024-10-24,0.2834532227986844,0.290934078523093,0.2559112904987728,0.2734226845109329,0.2456628599688244,0.2559112904987728,0.2834532227986844,-0.007480855724408597,0.027541932299911587,0.010030538287751523,0.03779036282986001,42.0,0.5,0.5,0.5,True,False,True,0.07557511948910034,0.05797532909639247,0.03139242832256886,43,43,0.06871010834134628
test,partial_liquidation_useful,3,FOUR_2023-10-27,FOUR,2024-08-19,2024-10-26,2024-10-25,0.962059087604202,1.0357825771643003,0.7052575922184026,0.8705200846913514,0.6691238143429467,0.6692628201817689,0.962059087604202,-0.07372348956009833,0.25680149538579944,0.09153900291285055,0.29293527326125535,46.0,0.5,0.5,0.5,True,False,True,0.05732630050471954,0.11121298798995838,0.050723221386136746,48,48,0.3672411925368041
test,partial_liquidation_useful,4,SAIA_2023-04-26,SAIA,2024-02-26,2024-04-25,2024-04-25,1.0875712777498237,1.0680202142357134,1.062980822102177,1.0655005181689452,1.0510170911049244,1.0533056090536548,1.0875712777498237,0.01955106351411029,0.024590455647646614,0.022070759580878452,0.03655418664489929,45.0,0.5,0.5,0.5,True,False,True,0.18096409761786703,0.0,0.05445609359283378,42,42,0.17334110504734634
test,partial_liquidation_useful,5,JEF_2023-10-27,JEF,2024-08-29,2024-10-26,2024-10-25,0.9124264280905836,0.970004232803278,0.7437928673269756,0.8568985500651268,0.7279745932024747,0.7306656812027985,0.9124264280905836,-0.05757780471269436,0.16863356076360803,0.05552787802545678,0.1844518348881089,36.0,0.5,0.5,0.5,True,False,True,0.10526446737833428,0.12735678551060303,0.05838706034825658,40,40,0.2471341577463242
test,partial_liquidation_useful,6,ACM_2023-10-27,ACM,2024-08-08,2024-10-26,2024-10-25,0.3457640551933798,0.3683272547013901,0.2464524701084601,0.3073898624049251,0.2355162007250559,0.236849222192832,0.3457640551933798,-0.02256319950801028,0.09931158508491972,0.03837419278845472,0.11024785446832391,57.0,0.5,0.5,0.5,True,False,True,0.045882401882797685,0.05600349234652091,0.05996087818976083,55,55,0.1304985173896358
test,partial_liquidation_useful,7,MPWR_2023-10-25,MPWR,2024-08-07,2024-10-24,2024-10-24,1.116218241888916,1.1370548119058206,0.730002889649386,0.9335288507776032,0.8414180139791293,0.8765162261311299,1.116218241888916,-0.020836570016904643,0.38621535223952996,0.18268939111131277,0.27480022790978664,58.0,0.5,0.5,0.5,True,False,True,0.10871029385096564,0.019133755722877233,0.06565576164912043,55,55,0.38627292316687845
test,partial_liquidation_useful,8,GEN_2023-10-25,GEN,2024-08-07,2024-10-24,2024-10-24,0.5866703234529489,0.6052634749825946,0.4003725083931572,0.5028179916878759,0.4188034500322615,0.4222903299204296,0.5866703234529489,-0.01859315152964569,0.1862978150597917,0.08385233176507301,0.1678668734206874,58.0,0.5,0.5,0.5,True,False,True,0.07124147102866019,0.042125364118258624,0.06789918013637938,55,55,0.1862978150597917
test,partial_liquidation_useful,9,CLH_2023-11-01,CLH,2024-08-14,2024-10-31,2024-10-31,0.5257716463285182,0.5115850701019897,0.4884030762502441,0.4999940731761169,0.4977542974479068,0.4977542974479069,0.5115850701019897,0.014186576226528524,0.037368570078274155,0.025777573152401367,0.02801734888061147,51.0,0.5,0.5,0.5,True,False,True,0.21806719791086926,0.11945175647991091,0.07290113011477582,55,55,0.12521332362925147
test,partial_liquidation_useful,10,AME_2023-04-26,AME,2024-02-14,2024-04-25,2024-04-25,0.2970727970026224,0.3045320742238094,0.2448583852454665,0.274695229734638,0.2482131571340808,0.2473175297432682,0.2970727970026224,-0.0074592772211869995,0.05221441175715591,0.0223775672679844,0.04885963986854161,57.0,0.5,0.5,0.5,True,False,True,0.019341153518555032,0.0,0.0750648004765841,49,49,0.07157463069702058
test,dqn_loses_to_all_major_benchmarks,1,CNC_2023-09-01,CNC,2024-02-22,2024-08-31,2024-08-30,0.1307705594903809,0.2574244020834086,0.2479562472655991,0.2526903246745039,0.2500995163795702,0.2495389830055766,0.2574244020834086,-0.1266538425930277,-0.11718568777521818,-0.12191976518412301,-0.11932895688918926,49.0,0.5,1.0,0.0,False,False,True,0.0,0.1173494758884921,0.0004921153003645262,36,36,0.12167005539249187
test,dqn_loses_to_all_major_benchmarks,2,BABA_2024-01-18,BABA,2024-05-17,2025-01-17,2025-01-17,0.1038297478131255,0.249726800585139,0.2433207090209871,0.246523754803063,0.2179970133905659,0.2433207090209871,0.4620315359545075,-0.14589705277201348,-0.13949096120786159,-0.1426940069899375,-0.1141672655774404,49.0,0.5,1.0,0.0,False,False,True,0.4864681350125213,0.6456214865970864,0.018751094878621255,46,46,0.1778318229239108
test,dqn_loses_to_all_major_benchmarks,3,NOK_2023-12-05,NOK,2024-05-14,2024-12-04,2024-12-04,0.2593258090415098,0.3963338482276332,0.2726561930594581,0.3344950206435456,0.2637186700004935,0.2589061325882733,0.2593258090415098,-0.13700803918612336,-0.013330384017948282,-0.07516921160203577,-0.004392860958983669,52.0,0.5,1.0,0.0,False,False,True,0.26958673374841946,0.3836453815489851,0.021766843197493044,50,50,0.09900061325776921
test,dqn_loses_to_all_major_benchmarks,4,THG_2024-06-14,THG,2025-02-14,2025-06-14,2025-06-13,0.2571096736169926,0.3911454431546917,0.2924334721233252,0.3417894576390085,0.2758064685653778,0.2708674290246434,0.2571096736169926,-0.13403576953769908,-0.035323798506332604,-0.08467978402201587,-0.01869679494838522,54.0,0.75,1.0,0.0,False,False,True,0.06327725341123758,0.1790522636212435,0.026731081485576694,39,39,0.1665289143193001
test,dqn_loses_to_all_major_benchmarks,5,COHR_2023-05-16,COHR,2024-02-27,2024-05-15,2024-05-15,0.8083921614245839,0.955352347342117,0.8869818014666586,0.9211670744043878,0.9370863434388792,0.9665939786327302,0.955352347342117,-0.14696018591753313,-0.0785896400420747,-0.11277491297980391,-0.12869418201429528,44.0,0.5,1.0,0.0,False,False,True,0.03036863132771206,0.06832969631506591,0.03965549786541074,45,45,0.41617444836181083
test,dqn_loses_to_all_major_benchmarks,6,ERIC_2024-04-15,ERIC,2024-12-12,2025-04-15,2025-04-15,0.5706672972550424,0.6674817695924808,0.6054477668419745,0.6364647682172277,0.6075947143798035,0.6084534806803198,0.4486663475556817,-0.09681447233743845,-0.03478046958693215,-0.06579747096218536,-0.03692741712476111,46.0,0.25,1.0,0.0,False,False,True,0.09748438063308651,0.1976644086332462,0.04223624746071568,61,61,0.23444629393066602
test,dqn_loses_to_all_major_benchmarks,7,EQIX_2024-05-08,EQIX,2025-02-12,2025-05-08,2025-05-08,0.1334226064212041,0.2412453880387632,0.2996444120828067,0.270444900060785,0.2945806844086102,0.2914713251092263,0.1334226064212041,-0.1078227816175591,-0.16622180566160258,-0.13702229363958088,-0.16115807798740608,56.0,0.75,1.0,0.0,False,False,True,0.03273899074017339,0.12638871176022093,0.04710095405361091,41,41,0.23255500233441778
test,dqn_loses_to_all_major_benchmarks,8,GTM_2024-08-06,GTM,2024-12-16,2025-08-06,2025-08-06,0.0945809898067577,0.2444538528798462,0.2905528122318907,0.2675033325558685,0.2799596913428996,0.2799596913428996,0.0363097800518722,-0.1498728630730885,-0.195971822425133,-0.17292234274911078,-0.1853787015361419,42.0,0.25,1.0,0.0,False,False,True,0.2272160544934967,0.23720356028876455,0.050504682957474054,78,78,0.3588389767753522
test,dqn_loses_to_all_major_benchmarks,9,HAS_2023-11-13,HAS,2024-05-15,2024-11-12,2024-11-12,0.308496627391313,0.4783102554948152,0.3609504102922318,0.4196303328935234,0.3617231810913042,0.3536087622698869,0.308496627391313,-0.1698136281035022,-0.05245378290091879,-0.11113370550221041,-0.053226553699991186,51.0,0.5,1.0,0.0,False,False,True,0.23004745161726503,0.4096218270605527,0.05060417814661791,45,45,0.1142776558139581
test,dqn_loses_to_all_major_benchmarks,10,ADSK_2024-05-30,ADSK,2024-12-17,2025-05-30,2025-05-30,0.2859857335354203,0.4321405659879114,0.4158726748529224,0.4240066204204169,0.3917424076168935,0.4158726748529224,0.2503865576726228,-0.1461548324524911,-0.1298869413175021,-0.13802088688499664,-0.10575667408147321,41.0,0.25,1.0,0.0,False,False,True,0.07622663328502743,0.06147140738045209,0.05075490630513063,77,77,0.1769347656597019
