split,policy_name,policy_label,start_tax_transition_bucket,start_tax_transition_bucket_order,num_episodes,mean_start_days_to_tax_transition,median_start_days_to_tax_transition,mean_pct_original_sold_before_long_term,mean_pct_original_sold_at_or_after_long_term,pct_episodes_with_no_discretionary_sale,mean_final_after_tax_total_value,mean_excess_final_after_tax_value_vs_hold
validation,trained_dqn_first_sale_margin_0p070_normal_0p020,Preferred DQN,0_to_30_days,0,335,10.0,7.0,3.880597014925373,96.11940298507463,94.32835820895522,0.6891689011549386,-0.0016025188871231404
validation,trained_dqn_first_sale_margin_0p070_normal_0p020,Preferred DQN,31_to_60_days,1,164,45.8780487804878,45.5,15.701219512195122,84.29878048780488,81.09756097560977,0.597349553126817,-0.015560807154174077
validation,trained_dqn_first_sale_margin_0p070_normal_0p020,Preferred DQN,61_to_90_days,2,134,74.46268656716418,74.0,18.84328358208955,81.15671641791045,79.8507462686567,0.48625936021639077,-0.014444605601923587
validation,trained_dqn_first_sale_margin_0p070_normal_0p020,Preferred DQN,91_to_120_days,3,110,104.65454545454546,105.0,34.090909090909086,65.9090909090909,63.63636363636363,0.43501902744295845,-0.02965333111896413
validation,trained_dqn_first_sale_margin_0p070_normal_0p020,Preferred DQN,121_to_180_days,4,152,149.6578947368421,148.0,61.348684210526315,38.651315789473685,32.89473684210527,0.5059415851621567,-0.05440910128887281
validation,trained_dqn_first_sale_margin_0p070_normal_0p020,Preferred DQN,over_180_days,5,622,273.2652733118971,274.0,77.33118971061094,22.668810289389068,20.418006430868168,0.3171374885196833,-0.07397260796958806
validation,hold_to_terminal,Passive hold-to-terminal,0_to_30_days,0,335,10.0,7.0,0.0,100.0,100.0,0.6907714200420617,0.0
validation,hold_to_terminal,Passive hold-to-terminal,31_to_60_days,1,164,45.8780487804878,45.5,0.0,100.0,100.0,0.6129103602809911,0.0
validation,hold_to_terminal,Passive hold-to-terminal,61_to_90_days,2,134,74.46268656716418,74.0,0.0,100.0,100.0,0.5007039658183143,0.0
validation,hold_to_terminal,Passive hold-to-terminal,91_to_120_days,3,110,104.65454545454546,105.0,0.0,100.0,100.0,0.46467235856192257,0.0
validation,hold_to_terminal,Passive hold-to-terminal,121_to_180_days,4,152,149.6578947368421,148.0,0.0,100.0,100.0,0.5603506864510295,0.0
validation,hold_to_terminal,Passive hold-to-terminal,over_180_days,5,622,273.2652733118971,274.0,0.0,100.0,100.0,0.3911100964892714,0.0
validation,sell_immediately,Naive active: sell immediately,0_to_30_days,0,335,10.0,7.0,98.50746268656717,1.4925373134328357,0.0,0.6289593194092399,-0.06181210063282183
validation,sell_immediately,Naive active: sell immediately,31_to_60_days,1,164,45.8780487804878,45.5,100.0,0.0,0.0,0.5077821420452423,-0.10512821823574882
validation,sell_immediately,Naive active: sell immediately,61_to_90_days,2,134,74.46268656716418,74.0,100.0,0.0,0.0,0.45715000194251415,-0.043553963875800135
validation,sell_immediately,Naive active: sell immediately,91_to_120_days,3,110,104.65454545454546,105.0,100.0,0.0,0.0,0.40773081529600164,-0.05694154326592094
validation,sell_immediately,Naive active: sell immediately,121_to_180_days,4,152,149.6578947368421,148.0,100.0,0.0,0.0,0.43806733045527296,-0.12228335599575656
validation,sell_immediately,Naive active: sell immediately,over_180_days,5,622,273.2652733118971,274.0,100.0,0.0,0.0,0.2819064804916615,-0.10920361599760996
validation,sell_half_then_hold,Naive active: sell half then hold,0_to_30_days,0,335,10.0,7.0,49.25373134328358,50.74626865671642,0.0,0.6598653697256508,-0.030906050316410916
validation,sell_half_then_hold,Naive active: sell half then hold,31_to_60_days,1,164,45.8780487804878,45.5,50.0,50.0,0.0,0.5603462511631166,-0.052564109117874416
validation,sell_half_then_hold,Naive active: sell half then hold,61_to_90_days,2,134,74.46268656716418,74.0,50.0,50.0,0.0,0.47892698388041427,-0.021776981937900067
validation,sell_half_then_hold,Naive active: sell half then hold,91_to_120_days,3,110,104.65454545454546,105.0,50.0,50.0,0.0,0.4362015869289621,-0.028470771632960478
validation,sell_half_then_hold,Naive active: sell half then hold,121_to_180_days,4,152,149.6578947368421,148.0,50.0,50.0,0.0,0.49920900845315125,-0.06114167799787829
validation,sell_half_then_hold,Naive active: sell half then hold,over_180_days,5,622,273.2652733118971,274.0,50.0,50.0,0.0,0.33650828849046643,-0.05460180799880498
validation,sell_quarters_over_time,Naive active: sell quarters,0_to_30_days,0,335,10.0,7.0,76.71641791044776,23.283582089552237,0.0,0.6444939681114823,-0.0462774519305794
validation,sell_quarters_over_time,Naive active: sell quarters,31_to_60_days,1,164,45.8780487804878,45.5,100.0,0.0,0.0,0.5066546586529106,-0.10625570162808048
validation,sell_quarters_over_time,Naive active: sell quarters,61_to_90_days,2,134,74.46268656716418,74.0,100.0,0.0,0.0,0.4532893839921781,-0.047414581826136226
validation,sell_quarters_over_time,Naive active: sell quarters,91_to_120_days,3,110,104.65454545454546,105.0,100.0,0.0,0.0,0.40485486234194723,-0.05981749621997532
validation,sell_quarters_over_time,Naive active: sell quarters,121_to_180_days,4,152,149.6578947368421,148.0,100.0,0.0,0.0,0.4341818179344408,-0.12616886851658876
validation,sell_quarters_over_time,Naive active: sell quarters,over_180_days,5,622,273.2652733118971,274.0,100.0,0.0,0.0,0.2806223620183185,-0.11048773447095289
validation,random_policy,Random benchmark,0_to_30_days,0,335,10.0,7.0,87.61194029850746,12.388059701492537,3.880597014925373,0.6383603550798896,-0.05241106496217203
validation,random_policy,Random benchmark,31_to_60_days,1,164,45.8780487804878,45.5,100.0,0.0,0.0,0.5078155478238733,-0.10509481245711778
validation,random_policy,Random benchmark,61_to_90_days,2,134,74.46268656716418,74.0,100.0,0.0,0.0,0.4569247747364613,-0.043779191081853
validation,random_policy,Random benchmark,91_to_120_days,3,110,104.65454545454546,105.0,100.0,0.0,0.0,0.40629007828244174,-0.05838228027948087
validation,random_policy,Random benchmark,121_to_180_days,4,152,149.6578947368421,148.0,100.0,0.0,0.0,0.43585462963197846,-0.12449605681905107
validation,random_policy,Random benchmark,over_180_days,5,622,273.2652733118971,274.0,100.0,0.0,0.0,0.28209505377760447,-0.10901504271166697
test,trained_dqn_first_sale_margin_0p070_normal_0p020,Preferred DQN,0_to_30_days,0,299,11.117056856187292,9.0,9.698996655518394,90.3010033444816,86.2876254180602,0.5803930851608862,-0.008214687202803205
test,trained_dqn_first_sale_margin_0p070_normal_0p020,Preferred DQN,31_to_60_days,1,145,43.92413793103448,44.0,28.10344827586207,71.89655172413794,63.44827586206897,0.5140151554888461,-0.023728107408010166
test,trained_dqn_first_sale_margin_0p070_normal_0p020,Preferred DQN,61_to_90_days,2,157,74.45222929936305,75.0,54.45859872611465,45.54140127388535,33.75796178343949,0.4486332998650394,-0.04778450166232826
test,trained_dqn_first_sale_margin_0p070_normal_0p020,Preferred DQN,91_to_120_days,3,138,105.48550724637681,105.0,48.007246376811594,51.992753623188406,50.0,0.5054312386104766,-0.05071071727488321
test,trained_dqn_first_sale_margin_0p070_normal_0p020,Preferred DQN,121_to_180_days,4,187,148.42245989304814,147.0,64.57219251336899,35.42780748663101,33.155080213903744,0.4201700463702404,-0.06185034857149652
test,trained_dqn_first_sale_margin_0p070_normal_0p020,Preferred DQN,over_180_days,5,593,269.6779089376054,272.0,52.78246205733558,47.217537942664414,46.711635750421586,0.39138593536198946,-0.05939196458492853
test,hold_to_terminal,Passive hold-to-terminal,0_to_30_days,0,299,11.117056856187292,9.0,0.0,100.0,100.0,0.5886077723636893,0.0
test,hold_to_terminal,Passive hold-to-terminal,31_to_60_days,1,145,43.92413793103448,44.0,0.0,100.0,100.0,0.5377432628968563,0.0
test,hold_to_terminal,Passive hold-to-terminal,61_to_90_days,2,157,74.45222929936305,75.0,0.0,100.0,100.0,0.49641780152736764,0.0
test,hold_to_terminal,Passive hold-to-terminal,91_to_120_days,3,138,105.48550724637681,105.0,0.0,100.0,100.0,0.5561419558853598,0.0
test,hold_to_terminal,Passive hold-to-terminal,121_to_180_days,4,187,148.42245989304814,147.0,0.0,100.0,100.0,0.48202039494173693,0.0
test,hold_to_terminal,Passive hold-to-terminal,over_180_days,5,593,269.6779089376054,272.0,0.0,100.0,100.0,0.45077789994691797,0.0
test,sell_immediately,Naive active: sell immediately,0_to_30_days,0,299,11.117056856187292,9.0,88.62876254180601,11.37123745819398,0.0,0.5294060450415992,-0.05920172732209021
test,sell_immediately,Naive active: sell immediately,31_to_60_days,1,145,43.92413793103448,44.0,100.0,0.0,0.0,0.4472363190851185,-0.09050694381173768
test,sell_immediately,Naive active: sell immediately,61_to_90_days,2,157,74.45222929936305,75.0,100.0,0.0,0.0,0.4081447247008979,-0.0882730768264697
test,sell_immediately,Naive active: sell immediately,91_to_120_days,3,138,105.48550724637681,105.0,100.0,0.0,0.0,0.44103103974041935,-0.11511091614494046
test,sell_immediately,Naive active: sell immediately,121_to_180_days,4,187,148.42245989304814,147.0,100.0,0.0,0.0,0.3924749616588922,-0.08954543328284476
test,sell_immediately,Naive active: sell immediately,over_180_days,5,593,269.6779089376054,272.0,100.0,0.0,0.0,0.2992768461421944,-0.15150105380472356
test,sell_half_then_hold,Naive active: sell half then hold,0_to_30_days,0,299,11.117056856187292,9.0,44.314381270903006,55.68561872909699,0.0,0.5590069087026442,-0.029600863661045106
test,sell_half_then_hold,Naive active: sell half then hold,31_to_60_days,1,145,43.92413793103448,44.0,50.0,50.0,0.0,0.49248979099098744,-0.04525347190586883
test,sell_half_then_hold,Naive active: sell half then hold,61_to_90_days,2,157,74.45222929936305,75.0,50.0,50.0,0.0,0.4522812631141328,-0.04413653841323485
test,sell_half_then_hold,Naive active: sell half then hold,91_to_120_days,3,138,105.48550724637681,105.0,50.0,50.0,0.0,0.4985864978128896,-0.05755545807247022
test,sell_half_then_hold,Naive active: sell half then hold,121_to_180_days,4,187,148.42245989304814,147.0,50.0,50.0,0.0,0.4372476783003145,-0.04477271664142238
test,sell_half_then_hold,Naive active: sell half then hold,over_180_days,5,593,269.6779089376054,272.0,50.0,50.0,0.0,0.37502737304455624,-0.07575052690236178
test,sell_quarters_over_time,Naive active: sell quarters,0_to_30_days,0,299,11.117056856187292,9.0,73.91304347826086,26.08695652173913,0.0,0.5390268242828054,-0.049580948080884105
test,sell_quarters_over_time,Naive active: sell quarters,31_to_60_days,1,145,43.92413793103448,44.0,100.0,0.0,0.0,0.45082199314965704,-0.0869212697471992
test,sell_quarters_over_time,Naive active: sell quarters,61_to_90_days,2,157,74.45222929936305,75.0,100.0,0.0,0.0,0.41062076124968255,-0.08579704027768506
test,sell_quarters_over_time,Naive active: sell quarters,91_to_120_days,3,138,105.48550724637681,105.0,98.91304347826086,1.0869565217391304,0.0,0.4470984843098941,-0.10904347157546576
test,sell_quarters_over_time,Naive active: sell quarters,121_to_180_days,4,187,148.42245989304814,147.0,100.0,0.0,0.0,0.39590567539347016,-0.0861147195482668
test,sell_quarters_over_time,Naive active: sell quarters,over_180_days,5,593,269.6779089376054,272.0,100.0,0.0,0.0,0.29800908109317653,-0.15276881885374147
test,random_policy,Random benchmark,0_to_30_days,0,299,11.117056856187292,9.0,78.09364548494983,21.906354515050168,5.351170568561873,0.5378217005858269,-0.05078607177786247
test,random_policy,Random benchmark,31_to_60_days,1,145,43.92413793103448,44.0,100.0,0.0,0.0,0.45109423776015933,-0.08664902513669681
test,random_policy,Random benchmark,61_to_90_days,2,157,74.45222929936305,75.0,100.0,0.0,0.0,0.4104797889044568,-0.08593801262291081
test,random_policy,Random benchmark,91_to_120_days,3,138,105.48550724637681,105.0,99.81884057971014,0.18115942028985507,0.0,0.4440796305513814,-0.11206232533397843
test,random_policy,Random benchmark,121_to_180_days,4,187,148.42245989304814,147.0,100.0,0.0,0.0,0.3957157402009574,-0.0863046547407795
test,random_policy,Random benchmark,over_180_days,5,593,269.6779089376054,272.0,100.0,0.0,0.0,0.29759593564066184,-0.15318196430625616
