split,group_name,group_bucket,num_episodes,preferred_mean_final_value,hold_to_terminal_mean_final_value,sell_immediately_mean_final_value,sell_half_then_hold_mean_final_value,preferred_minus_hold_mean,preferred_minus_sell_immediately_mean,preferred_minus_sell_half_mean,preferred_win_rate_vs_hold,preferred_win_rate_vs_sell_immediately,preferred_win_rate_vs_sell_half,preferred_mean_tax_paid,preferred_mean_short_term_sold_fraction,preferred_no_cut_pct,preferred_median_EAAT_Sharpe,hold_to_terminal_median_EAAT_Sharpe,sell_immediately_median_EAAT_Sharpe,sell_half_then_hold_median_EAAT_Sharpe,preferred_median_TA_EAAT_Sharpe,hold_to_terminal_median_TA_EAAT_Sharpe,sell_immediately_median_TA_EAAT_Sharpe,sell_half_then_hold_median_TA_EAAT_Sharpe,preferred_minus_hold_mean_EAAT_Sharpe,preferred_minus_hold_median_EAAT_Sharpe,preferred_EAAT_Sharpe_win_rate_vs_hold,preferred_minus_hold_mean_TA_EAAT_Sharpe,preferred_minus_hold_median_TA_EAAT_Sharpe,preferred_TA_EAAT_Sharpe_win_rate_vs_hold,preferred_minus_sell_immediately_mean_EAAT_Sharpe,preferred_minus_sell_half_mean_EAAT_Sharpe,preferred_minus_sell_immediately_mean_TA_EAAT_Sharpe,preferred_minus_sell_half_mean_TA_EAAT_Sharpe
validation,final_episode_return_bucket,low,506,0.1394134868112133,0.18952549468038193,0.2714902979301843,0.2305078963052831,-0.050112007869168605,-0.13207681111897096,-0.09109440949406979,0.19367588932806323,0.10869565217391304,0.13438735177865613,0.02950036503257791,0.6057312252964426,0.3774703557312253,0.4893188582504404,0.5012342404643695,1.2399287955257843,0.817924101564248,0.5455842975369064,0.5012342404643695,2.4018907390653603,1.480177319801428,-0.05615991855515708,0.0,0.23715415019762845,37315836.35366833,0.0,0.30039525691699603,-0.8374958419092081,-0.3947338428779597,-41104494421.815025,-29269299895.557526
validation,final_episode_return_bucket,high,506,0.9219426264883063,0.9601256187994228,0.6924166048086184,0.8262711118040206,-0.03818299231111658,0.22952602167968775,0.0956715146842856,0.05731225296442688,0.8893280632411067,0.8359683794466403,0.12857560312391042,0.26679841897233203,0.7055335968379447,1.9883930721066978,2.030772620344199,1.6965239270257042,1.949941054421723,2.114739948929984,2.030772620344199,2.272595948676213,2.2454690691930326,-0.02679874703173852,0.0,0.1067193675889328,0.17758997506740756,0.0,0.15810276679841898,0.33739953175262327,0.05648638121616233,-14.1575302960054,-8.541654167688318
validation,final_episode_return_bucket,mid,505,0.3543845571519965,0.38981056752027915,0.305507535741689,0.34765905163098404,-0.03542601036828268,0.048877021410307475,0.0067255055210123935,0.16831683168316833,0.8178217821782178,0.6554455445544555,0.060383718895950324,0.4638613861386139,0.504950495049505,1.1648046428403518,1.1550068911278657,1.2354123707607616,1.2507692820439464,1.2661942384707392,1.1550068911278657,1.7089991242273999,1.5221344188960912,0.010605728285478223,0.0,0.22574257425742575,0.525987387307976,0.0,0.300990099009901,-0.09776044331442275,-0.08846456082615961,-1164160651641783.2,-969727728728885.8
validation,maximum_gain_bucket,high,506,0.6698441616443644,0.7805520434895762,0.45034228336300236,0.6154471634262892,-0.11070788184521183,0.21950187828136206,0.05439699821807514,0.14624505928853754,0.8300395256916996,0.6343873517786561,0.11368651197197409,0.6482213438735178,0.3201581027667984,1.5358045457117373,1.7161963666874835,1.479093174732976,1.7061556044110076,1.868383057929495,1.7161963666874835,3.421363915540173,2.857749881241391,-0.1137605484333806,0.0,0.22529644268774704,37315836.62213721,0.0,0.3616600790513834,0.11227721252670057,-0.13174630563602813,-41023260257.40545,-29211455438.497772
validation,maximum_gain_bucket,mid,505,0.4456906447860011,0.4587913933368904,0.4478220236300969,0.45330670848349364,-0.013100748550889257,-0.00213137884409576,-0.007616063697492508,0.13465346534653466,0.6138613861386139,0.594059405940594,0.06408575281529698,0.3940594059405941,0.5801980198019802,1.128670986268886,1.1146015667553235,1.334649873611787,1.2455252512227295,1.247334816646802,1.1146015667553235,1.96966711233166,1.6687285847801077,0.012978311961783432,0.0,0.18217821782178217,0.34762764340298935,0.0,0.2297029702970297,-0.24953901184541313,-0.1163177182606883,-1166475086336891.5,-971655616857568.6
validation,maximum_gain_bucket,low,506,0.30038631083465633,0.30025456991633775,0.3715313854160256,0.3358929776661817,0.0001317409183185684,-0.07114507458136934,-0.03550666683152538,0.1383399209486166,0.3715415019762846,0.39723320158102765,0.04069473853773545,0.2939723320158103,0.6877470355731226,0.8578089005744035,0.8128269779886537,1.257134182698063,1.0053397061139917,0.8770681166194463,0.8128269779886537,1.541851151339924,1.2898382778478654,0.02843398807072584,0.0,0.16205533596837945,0.08712834349059248,0.0,0.16798418972332016,-0.4608949117976132,-0.17870304435692144,-4.702299296711514,-2.1725924271725456
validation,drawdown_after_episode_start_bucket,high,506,0.37361792089901447,0.40784576893955227,0.4555823183879968,0.4317140436637745,-0.034227848040537794,-0.08196439748898236,-0.05809612276476007,0.26679841897233203,0.26877470355731226,0.26679841897233203,0.06520101234631244,0.650197628458498,0.3241106719367589,0.5781350192142337,0.4822928214147061,1.4075540046523285,0.9010891777426496,0.7080356836317935,0.4822928214147061,3.3910512550770715,2.067121646672769,0.0392973270526376,0.0,0.3181818181818182,37315836.69349792,0.0,0.383399209486166,-0.8020063364583474,-0.33570282658268247,-1164201837692733.2,-969757056102783.9
validation,drawdown_after_episode_start_bucket,mid,505,0.4476734840456099,0.5009402265497074,0.367114392741628,0.4340273096456677,-0.05326674250409763,0.08055909130398187,0.013646174399942118,0.10495049504950495,0.596039603960396,0.497029702970297,0.07112699610993026,0.4415841584158416,0.5326732673267327,1.1895289625473957,1.2405043930746718,1.3430439483385204,1.3685473282950065,1.292869088422644,1.2405043930746718,1.940630526444129,1.7295916467592716,-0.07540682099379922,0.0,0.15643564356435644,0.14441821473950597,0.0,0.2396039603960396,-0.10758848459920911,-0.1666630123011118,-20.21606728992054,-12.142986876318218
validation,drawdown_after_episode_start_bucket,low,506,0.5946336309750607,0.6308953093428982,0.4468394800326849,0.5388673946877914,-0.03626167836783722,0.14779415094237588,0.05576623628726932,0.04743083003952569,0.950592885375494,0.8616600790513834,0.08215291036934609,0.24456521739130435,0.7312252964426877,1.5699098008626882,1.6266959754943737,1.3029290780766885,1.50431304635058,1.6395734715998942,1.6266959754943737,1.5467430893675385,1.6262265337461836,-0.03641342863551124,0.0,0.09486166007905138,0.21857548668965643,0.0,0.13636363636363635,0.3117186445800573,0.07549927400161804,-2.4836341469132273,-1.4724266570599767
validation,volatility_bucket,high_volatility,467,0.23997923421610612,0.26796109015832026,0.30962864331081436,0.28879486673456733,-0.02798185594221413,-0.06964940909470825,-0.04881563251846118,0.25267665952890794,0.3511777301927195,0.33832976445396146,0.046026810163561936,0.6188436830835118,0.3576017130620985,0.5392524769354736,0.4696607537533899,1.30193172425307,0.8067301486763091,0.6354366183043908,0.4696607537533899,3.134104593394418,1.898101475819028,0.04381667328798765,0.0,0.29336188436830835,40432148.391593166,0.0,0.3576017130620985,-0.7315955422643089,-0.28787023766014086,-1261844572466959.5,-1051091518872693.2
validation,volatility_bucket,medium_volatility,467,0.4762482794917437,0.5444116800347808,0.3892693836692596,0.46684053185202024,-0.06816340054303707,0.08697889582248408,0.009407747639723517,0.14132762312633834,0.6124197002141327,0.5096359743040685,0.07953715939664911,0.5010706638115632,0.46466809421841543,1.1060091953863398,1.1537245906973133,1.2763197056170004,1.2677724556136485,1.2182548235901656,1.1537245906973133,1.9441806871494736,1.693027035103614,-0.06891046409426828,0.0,0.20770877944325483,0.3812801229906829,0.0,0.28693790149892934,-0.13040768372665199,-0.18278125158519518,-25.472670985226603,-15.400350827503168
validation,volatility_bucket,low_volatility,468,0.6472651924701049,0.6850164115910339,0.523597738321766,0.6043070749564,-0.03775121912092895,0.1236674541483389,0.04295811751370497,0.05982905982905983,0.7735042735042735,0.6837606837606838,0.09173532053517706,0.3263888888888889,0.6495726495726496,1.6222905405917225,1.6673603785370723,1.5802737001959164,1.7006912248418775,1.7823697763219681,1.6673603785370723,2.0600850105273976,1.9815920459832705,-0.05321023866724279,0.0,0.11538461538461539,0.1570694697945169,0.0,0.17735042735042736,0.17034523437917756,-0.012920531520638113,-1.5081969339169838,-0.8373094877049976
validation,gain_at_episode_start_bucket,medium_start_gain,505,0.31282895739686795,0.36572075090948264,0.283662390499814,0.3246915707046483,-0.05289179351261463,0.02916656689705398,-0.011862613307780318,0.1782178217821782,0.5663366336633663,0.49306930693069306,0.058029436131092925,0.5544554455445545,0.4178217821782178,0.9832634585282743,0.993203570600952,1.226339770974458,1.0952084984135375,1.103593278604461,0.993203570600952,2.099939999244991,1.6468684187932638,-0.03154816957129004,0.0,0.23366336633663368,37389729.27082713,0.0,0.3069306930693069,-0.2842777240550583,-0.19052655318599906,-41267927718.457405,-29385676955.15478
validation,gain_at_episode_start_bucket,low_start_gain,506,0.27114971242639485,0.31746480796235904,0.2474717192113956,0.2824682635868773,-0.04631509553596417,0.02367799321499926,-0.011318551160482459,0.18379446640316205,0.5612648221343873,0.4723320158102767,0.05132935158308494,0.5820158102766798,0.3932806324110672,0.9314236961755228,0.9194665685758314,1.256217883163464,1.099555408039463,0.9854611867567188,0.9194665685758314,2.452078915913305,1.7092967928887162,-0.01020912551919465,0.0,0.2608695652173913,0.48987483755302286,0.0,0.3557312252964427,-0.36013156950209413,-0.21551524556851417,-4054.684364690216,-1868.2337898836765
validation,gain_at_episode_start_bucket,high_start_gain,506,0.8316798749370373,0.8562285137950193,0.7382371565454838,0.7972328351702516,-0.02454863885798182,0.09344271839155353,0.03444703976678586,0.05731225296442688,0.6877470355731226,0.6600790513833992,0.1090962466055239,0.20009881422924902,0.7766798418972332,1.6880048278232058,1.7146931754311863,1.6707071760156256,1.7029769297747412,1.750442262541236,1.7146931754311863,1.9717370901666769,1.8683355597544116,-0.03067895030946384,0.0,0.07509881422924901,0.041098754647974266,0.0,0.09683794466403162,0.04618392885938472,-0.02087192727565691,-1159559226141215.2,-965894812805051.9
validation,days_until_tax_transition_at_start_bucket,far_from_transition,506,0.30107590315679145,0.38216184567755396,0.27598553432854667,0.3290736900030504,-0.08108594252076247,0.02509036882824478,-0.027997786846258834,0.2628458498023715,0.5335968379446641,0.4090909090909091,0.06703614687219958,0.7895256916996047,0.18774703557312253,0.9681009412894378,0.8973990692165441,1.5244871795041983,1.2342525775576452,1.2690711567844841,0.8973990692165441,5.877436757841931,3.552514642983557,-0.006022401855566133,0.0,0.3695652173913043,37315837.02211986,0.02428098737771267,0.5138339920948617,-0.606849143157886,-0.33801835571176636,-1164201837692755.0,-969757056102797.4
validation,days_until_tax_transition_at_start_bucket,medium_transition_distance,505,0.45915639813617726,0.4954908381686187,0.40660181171593573,0.4510463249422772,-0.03633444003244151,0.05255458642024146,0.008110073193899982,0.13267326732673268,0.5287128712871287,0.48514851485148514,0.07238471369874598,0.46831683168316834,0.500990099009901,1.1094981156048582,1.153918551282169,1.246706108194678,1.2395543871846053,1.1995886554709387,1.153918551282169,1.8021832068159371,1.4960959190878211,-0.05088816197053437,0.0,0.1702970297029703,0.046563610231112974,0.0,0.21584158415841584,-0.1255722381006636,-0.13798917340130143,-0.674307164558222,-0.31140664701768506
validation,days_until_tax_transition_at_start_bucket,near_transition,506,0.6557154281328242,0.66201785144373,0.5870268834952469,0.6245223674694883,-0.00630242331090571,0.06868854463757741,0.031193060663335853,0.023715415019762844,0.7529644268774703,0.7312252964426877,0.07906254386252627,0.07855731225296443,0.8992094861660079,1.3798450934628668,1.401674316160885,1.2695536444212867,1.3511346711036758,1.3806104806331891,1.401674316160885,1.3311808617525076,1.374128389170481,-0.015563902902700289,0.0,0.029644268774703556,-0.012385243556206483,0.0,0.029644268774703556,0.13450966376622522,0.049197631896701434,0.05975166695560441,0.02389648298356003
validation,days_to_first_sale_bucket,over_180_days,167,0.33170518320547526,0.42285911699713413,0.27618888037670786,0.349523998686921,-0.09115393379165888,0.05551630282876737,-0.017818815481445757,0.2275449101796407,0.5808383233532934,0.39520958083832336,0.07744808262290523,0.9311377245508982,0.0,0.9593975030677578,1.0522286491595108,1.67522290674479,1.4351982522509883,1.090932458629159,1.0522286491595108,11.727821909789418,6.651176499431729,-0.1616960622120597,-0.17140757507970328,0.30538922155688625,0.021360005385101764,-0.09345261896701396,0.3772455089820359,-0.7596469901789478,-0.5111985494046252,-8281.418576159856,-6075.828638042533
validation,days_to_first_sale_bucket,no_discretionary_sale,803,0.5907516374347846,0.5907516374347846,0.5171565728578322,0.5539541051463084,0.0,0.07359506457695236,0.03679753228847619,0.0,0.6787048567870486,0.6787048567870486,0.06735417340699885,0.0,1.0,1.2797346955912998,1.2797346955912998,1.3226277394355297,1.3157574876165394,1.2797346955912998,1.2797346955912998,1.5975544164599196,1.514581888336369,0.0,0.0,0.0,0.0,0.0,0.0,-0.014530285931678716,-0.026157008092729767,-4.335024468899065,-2.577552285337833
validation,days_to_first_sale_bucket,31_to_180_days,388,0.3266694629973693,0.4130717374663345,0.31615453782420916,0.36461313764527187,-0.08640227446896522,0.01051492517316015,-0.037943674647902534,0.28865979381443296,0.5077319587628866,0.38144329896907214,0.07675049024270408,0.9574742268041238,0.0,0.9921567099588278,1.0843116877376695,1.3376825484196813,1.2434509225943147,1.23994956321993,1.0843116877376695,2.8863388473244496,2.0460712801664034,-0.06321583961783736,-0.11495048643694183,0.3865979381443299,0.3444240347919688,0.065724285721669,0.5412371134020618,-0.3873906338075909,-0.2684386380764053,-1520043959677371.0,-1266172992960494.2
validation,days_to_first_sale_bucket,1_to_30_days,133,0.3758997331107825,0.4604328423035561,0.36402282882795517,0.41222783556575565,-0.08453310919277356,0.01187690428282739,-0.03632810245497309,0.38345864661654133,0.5112781954887218,0.39849624060150374,0.08601049842729441,0.9304511278195489,0.0,1.137329000797248,0.9560162856560208,1.221228846053997,1.1084253542982747,1.5474131813777194,0.9560162856560208,1.9792526009977736,1.6037796102615651,0.06398867438960414,0.04897050467280417,0.5338345864661654,141968520.80727744,0.4059655333413771,0.6842105263157895,-0.08783685387740395,-0.0524565326726708,-156073385693.21997,-111135278515.04242
validation,days_to_first_sale_bucket,immediate,26,0.3653710803521272,0.464513863713767,0.3667280922202467,0.41562097796700687,-0.09914278336163986,-0.0013570118681196103,-0.05024989761487972,0.4230769230769231,0.4230769230769231,0.38461538461538464,0.08624616849205448,0.9615384615384616,0.0,1.1098732143259915,0.9592063562041127,1.3053143183331142,1.013292746748561,2.3893776455263662,0.9592063562041127,2.639001956443333,1.828684615054248,0.24612701786595548,0.23819705239642208,0.6153846153846154,5.610338016495072,1.0330146939105724,0.7692307692307693,-0.07303932180589076,0.0645125711563383,-2.093905736457689,1.2997044744511186
validation,calendar_year,2022,606,0.34651589111141956,0.4084256371171858,0.3290324842144431,0.36872906066581446,-0.0619097460057663,0.017483406896976455,-0.022213169554394917,0.19801980198019803,0.5396039603960396,0.45874587458745875,0.06422507417098815,0.6113861386138614,0.3564356435643564,0.9689440285973692,0.9549979293618029,1.334372214532437,1.1501971817759613,1.1378684217895443,0.9549979293618029,2.615324776325912,1.9772360068385186,-0.029343846730227795,0.0,0.26732673267326734,31158107.912115272,0.0,0.3432343234323432,-0.39057095294806937,-0.2372415008042663,-971453189065849.2,-809201252110595.2
validation,calendar_year,2023,597,0.4505735829284987,0.4926705838597169,0.38760211971638053,0.4401363517880488,-0.042097000931218195,0.06297146321211822,0.010437231140450014,0.1306532663316583,0.576214405360134,0.5041876046901173,0.07273485993042608,0.4501675041876047,0.525963149078727,1.098160226234577,1.1622060209040643,1.29350513727828,1.2449339839844915,1.2404442031768574,1.1622060209040643,2.0675426243725945,1.7121268501447655,-0.03463673342196411,0.0,0.18257956448911222,0.24972582534327384,0.0,0.2629815745393635,-0.1451221025653107,-0.13562812858200454,-2304.5324814921555,-1692.3805540686974
validation,calendar_year,2021,314,0.7548704957626785,0.7546099533797977,0.6726944185692847,0.7136521859745413,0.00026054238288082085,0.08217607719339383,0.041218309788137335,0.044585987261146494,0.7866242038216561,0.7738853503184714,0.08960863568011092,0.11624203821656051,0.8694267515923567,1.6228538137634871,1.6345222294352446,1.6170578218011107,1.6254497908798964,1.6228538137634871,1.6345222294352446,1.8381302491475664,1.727018502186553,0.005857671874611315,0.0,0.054140127388535034,0.0210578514570496,0.0,0.06050955414012739,0.06658005065288258,0.028377463161662477,-0.7747824327794341,-0.3406812108982119
test,final_episode_return_bucket,high,506,0.8304483256677547,0.8803938931199566,0.6085068263140201,0.7444503597169884,-0.049945567452201814,0.22194149935373467,0.08599796595076643,0.07509881422924901,0.8557312252964426,0.7628458498023716,0.12155388713088582,0.30237154150197626,0.6541501976284585,2.2612045118287645,2.298349341899602,1.8485242637187644,2.166998183380616,2.397945510462816,2.298349341899602,2.570562971122741,2.506843388532614,-0.027485859557559923,0.0,0.1225296442687747,0.17052101019559013,0.0,0.17193675889328064,0.4900082236735505,0.10504966503390763,-325369473342.7769,-112870777490.18777
test,final_episode_return_bucket,mid,506,0.36219811126461743,0.3995889871984738,0.3051401951061742,0.352364591152324,-0.03739087593385641,0.05705791615844326,0.00983352011229342,0.10276679841897234,0.8438735177865613,0.6739130434782609,0.059250159969443085,0.41007905138339923,0.5533596837944664,1.4737013303177455,1.475452875848128,1.389959134656987,1.4796172673774692,1.5332854108207612,1.475452875848128,1.6825116192497467,1.664990084145712,-0.012122418209683667,0.0,0.16798418972332016,0.22608094046761731,0.0,0.23715415019762845,0.07564634812899564,-0.02903552537093821,-3.1979610607572275,-1.5997497051165823
test,final_episode_return_bucket,low,507,0.18824305773009656,0.2335886644778403,0.26950941568227815,0.2515490400800592,-0.04534560674774369,-0.08126635795218158,-0.06330598234996264,0.1834319526627219,0.1913214990138067,0.1893491124260355,0.035680482570213945,0.5813609467455622,0.39447731755424065,0.793801410125162,0.7955864774802832,1.3822776630164335,1.0790761157816051,0.8544147211823334,0.7955864774802832,2.1742799741065224,1.5288609838350136,-0.034586892405602455,0.0,0.26627218934911245,0.18579684363678056,0.0,0.3431952662721893,-0.7017440114832355,-0.3506269935037232,-4174.872200805685,-3426.5389898639087
test,maximum_gain_bucket,high,506,0.6594401985408512,0.7726237313492934,0.42882421366774987,0.6007239725085215,-0.11318353280844215,0.23061598487310134,0.05871622603232961,0.09683794466403162,0.8656126482213439,0.6482213438735178,0.10875500383704559,0.558300395256917,0.40711462450592883,1.9121699761189848,2.1332708922193317,1.646607320729458,2.0283768972441862,2.300424259160569,2.1332708922193317,3.369122620137658,2.894661832315942,-0.13632896275127174,0.0,0.16600790513833993,0.28567088512123984,0.0,0.30039525691699603,0.3820614056275433,-0.04627616383759911,-325369473367.5926,-112870777505.8297
test,maximum_gain_bucket,low,507,0.3439864871916328,0.3426340248497865,0.3940792975494492,0.36835666119961785,0.0013524623418462365,-0.050092810357816375,-0.02437017400798507,0.14003944773175542,0.3609467455621302,0.39250493096646943,0.047562057660281244,0.29043392504930965,0.6765285996055227,1.090980509100855,1.0337541682643414,1.3813612431000548,1.1836049969621532,1.1337978302912664,1.0337541682643414,1.6714225906496116,1.398537904148011,0.044836638816959824,0.0,0.17751479289940827,0.11357543377727246,0.0,0.1834319526627219,-0.3900386543881488,-0.1512739342293429,-4151.493937737741,-3411.6373791916467
test,maximum_gain_bucket,mid,506,0.377155015591128,0.39809828393242414,0.3600067403479865,0.37905251214020536,-0.020943268341296117,0.01714827524314151,-0.001897496549077306,0.12450592885375494,0.6640316205533597,0.5849802371541502,0.06014398679952023,0.44565217391304346,0.5177865612648221,1.4217851528221206,1.4367469554897543,1.5029224474218745,1.4874975803870014,1.5454434841351268,1.4367469554897543,2.0359770399914674,1.8410154760230875,0.017140190261026013,0.0,0.2134387351778656,0.1832952054604866,0.0,0.26877470355731226,-0.12872820941236682,-0.0774567341518244,-1.8066328985219948,-0.8888989286406528
test,drawdown_after_episode_start_bucket,high,506,0.34629756358963326,0.3759197532301376,0.4008230444537557,0.38837139884194666,-0.02962218964050429,-0.05452548086412242,-0.04207383525231335,0.2628458498023715,0.2727272727272727,0.30039525691699603,0.06366156925888825,0.6259881422924901,0.34782608695652173,0.8834183650476044,0.7718971445689734,1.5938495418198562,1.1330338724534252,1.0025088479863042,0.7718971445689734,2.9481346739360204,1.9730196389367034,0.08137544940420936,0.0,0.34782608695652173,0.3913536069336282,0.0,0.41106719367588934,-0.6645801016646974,-0.27597600150629087,-325369477084.96014,-112870780626.98271
test,drawdown_after_episode_start_bucket,mid,506,0.45989327707551714,0.517803691147626,0.3566565455328613,0.43723011834024367,-0.05791041407210895,0.10323673154265581,0.022663158735273435,0.07509881422924901,0.6996047430830039,0.541501976284585,0.0719862131130772,0.41205533596837945,0.5434782608695652,1.5461694794580902,1.6416056267411365,1.5200488044824554,1.6724504089074474,1.7075813038493193,1.6416056267411365,2.16921134566177,2.04684186017698,-0.0685117328324615,0.0,0.15612648221343872,0.1533961407073429,0.0,0.2391304347826087,0.08314326594485463,-0.09113356789469328,-288.3346300281104,-175.62816943262544
test,drawdown_after_episode_start_bucket,low,507,0.5739364141624718,0.6190862474876576,0.4253688245686491,0.5222275360281533,-0.045149833325185844,0.14856758959382263,0.051708878134318396,0.023668639053254437,0.9171597633136095,0.7830374753451677,0.08074768168767334,0.2564102564102564,0.7100591715976331,1.81699055458829,1.8880851514145,1.4427055364325376,1.7603096440070145,1.892949308781648,1.8880851514145,1.6976502061921837,1.8501841419299645,-0.08695539168672606,0.0,0.05325443786982249,0.0379412513867838,0.0,0.10256410256410256,0.44308488833200843,0.09162270429974922,-155.49559888888598,-122.245873994387
test,volatility_bucket,high_volatility,474,0.3111653696301233,0.3369737736869347,0.3232515499004632,0.330112661793699,-0.02580840405681153,-0.012086180270339955,-0.018947292163575737,0.24050632911392406,0.35864978902953587,0.3924050632911392,0.05459644534401249,0.5632911392405063,0.4092827004219409,0.8006189063366229,0.7043431797199111,1.3666446674508896,1.0488103518433136,0.9162582519147777,0.7043431797199111,2.5206078156490572,1.6818192784149202,0.08251955012792692,0.0,0.31223628691983124,0.33435067093798426,0.0,0.36075949367088606,-0.5090587050364266,-0.1983477645954254,-347335349055.4707,-120490749007.9477
test,volatility_bucket,low_volatility,474,0.5327265852495118,0.5848670769579561,0.4208404125577791,0.5028537447578676,-0.052140491708444384,0.11188617269173268,0.02987284049164414,0.04852320675105485,0.8417721518987342,0.6645569620253164,0.0817376400033101,0.3808016877637131,0.5717299578059072,1.8909194141236154,2.037325147237465,1.6299234951811579,1.9176887256108395,2.0335758136393043,2.037325147237465,2.046026920243121,2.090648618169398,-0.10888873319658257,0.0,0.10337552742616034,0.05608174801747014,0.0,0.18354430379746836,0.2913855649442839,-0.00028602728907883824,-1.2506762375804386,-0.6860884990575394
test,volatility_bucket,medium_volatility,473,0.5014896677225238,0.5654141052219841,0.3981485821328118,0.4817813436773979,-0.06392443749946022,0.10334108558971206,0.019708324045125916,0.09513742071881606,0.693446088794926,0.5539112050739958,0.08019041380485328,0.4381606765327696,0.5264270613107822,1.5281394104757455,1.5594275660761756,1.5445947406861504,1.6283999654993666,1.713746734673973,1.5594275660761756,2.2506295285793207,2.143109486751165,-0.05304059587657953,0.0,0.17758985200845667,0.23214184322556689,0.0,0.25792811839323465,0.04766472249287597,-0.10664102979693439,-373.8861525912122,-249.4985551084961
test,gain_at_episode_start_bucket,medium_start_gain,506,0.3543205925344406,0.3992752536381346,0.2853278758263312,0.3423015647322329,-0.04495466110369403,0.06899271670810948,0.012019027802207729,0.13636363636363635,0.6225296442687747,0.5316205533596838,0.05777444856293801,0.47035573122529645,0.5,1.2970864610300987,1.298938067291616,1.3894371165679045,1.3619427422634183,1.3935506482078144,1.298938067291616,2.045257427333299,1.7736092050993877,-0.016725828261059773,0.0,0.21739130434782608,0.24871618734697748,0.0,0.29051383399209485,-0.0802412047771434,-0.11192616171932898,-325369477235.3001,-112870780746.67412
test,gain_at_episode_start_bucket,high_start_gain,506,0.7348104221668286,0.7798599902680018,0.6498807080191863,0.714870349143594,-0.045049568101173186,0.08492971414764232,0.01994007302323457,0.09683794466403162,0.6699604743083004,0.5928853754940712,0.10996503124155742,0.3448616600790514,0.6027667984189723,1.9252735641257372,1.9588151377200296,1.8406815764212152,1.9296878270381055,2.015565316858432,1.9588151377200296,2.1929774805618627,2.0887128526668075,-0.03375837421611762,0.0,0.1383399209486166,0.08404301884450148,0.0,0.17786561264822134,0.09975916442219658,-0.022040983883810344,-1.0471430739154397,-0.5084473828880426
test,gain_at_episode_start_bucket,low_start_gain,507,0.29155430753076356,0.33423739036466626,0.24799038099349413,0.29111388567908014,-0.042683082833902784,0.04356392653726936,0.000440421851683286,0.1282051282051282,0.5976331360946746,0.5009861932938856,0.04871928148873809,0.47879684418145957,0.4990138067061144,1.227922646281565,1.229001853444753,1.367221956945729,1.3293441185687536,1.3665659720368586,1.229001853444753,2.229018239458891,1.8045350423283617,-0.023732419223696143,0.0,0.20118343195266272,0.2495136655355865,0.0,0.28402366863905326,-0.15668459185465286,-0.14105987250835628,-292.1730129876839,-177.56483250602906
test,days_until_tax_transition_at_start_bucket,far_from_transition,506,0.3959963792491403,0.45803636650771196,0.2916301214731031,0.3748332439904075,-0.062039987258571634,0.10436625777603721,0.021163135258732788,0.15810276679841898,0.5968379446640316,0.5019762845849802,0.06415829842531148,0.5019762845849802,0.49407114624505927,1.5068205456857007,1.3688826221727357,1.795841642797723,1.7312609890540551,2.0264381774287523,1.3688826221727357,5.70281234399588,3.766027341897299,0.04206665473448974,0.0,0.26679841897233203,0.5537344919075922,0.0,0.3814229249011858,-0.21374657578728076,-0.1827501715177451,-325369477528.6842,-112870780924.91568
test,days_until_tax_transition_at_start_bucket,medium_transition_distance,506,0.4445192205718122,0.4997280771026388,0.4033386386568324,0.45153335787973553,-0.05520885653082658,0.04118058191497982,-0.007014137307923376,0.1600790513833992,0.6284584980237155,0.5039525691699605,0.08062405564771291,0.6007905138339921,0.3616600790513834,1.3929931783806762,1.5025606828492903,1.3852811809389292,1.4851358808071864,1.5181712974596262,1.5025606828492903,1.8494204826570726,1.6508725360426935,-0.07825063475313036,0.0,0.23122529644268774,0.05611335345197752,0.0,0.30237154150197626,-0.030739754310451266,-0.11124820959896321,-0.44285786402624205,-0.18553861870660693
test,days_until_tax_transition_at_start_bucket,near_transition,507,0.539679356701257,0.5551715618630244,0.48775635890293095,0.5214639603829777,-0.015492205161767308,0.051922997798326154,0.018215396318279415,0.04339250493096647,0.6646942800788954,0.6193293885601578,0.0716311268933226,0.19181459566074952,0.7455621301775148,1.4459600607497891,1.481941337228425,1.3214505289393343,1.4397631455395512,1.4507933815494274,1.481941337228425,1.4167370275795994,1.473477709337348,-0.038004436115253545,0.0,0.05917159763313609,-0.02702844771698528,0.0,0.06903353057199212,0.10679897936792958,0.01865571954266128,0.029392585403600555,0.0028927440644620755
test,days_to_first_sale_bucket,31_to_180_days,449,0.38420404754210463,0.48680553598851806,0.3598322337201119,0.4233188848543149,-0.10260148844641341,0.02437181382199279,-0.03911483731221031,0.2516703786191537,0.579064587973274,0.3830734966592428,0.08705127418694363,0.9265033407572383,0.0,1.3629458788354156,1.407574057183298,1.5591226381942485,1.5081950441202827,1.701560234936388,1.407574057183298,2.560583278689618,2.1663848142272326,-0.05744201872425458,-0.09405133259044174,0.39643652561247217,0.46056499876496737,0.04098847141205264,0.5456570155902004,-0.25689649570226886,-0.22488516558763783,-4886.421364664852,-4005.2373005943705
test,days_to_first_sale_bucket,no_discretionary_sale,811,0.5285922120401879,0.5285922120401879,0.41969589863335144,0.47414405533676973,0.0,0.10889631340683646,0.05444815670341823,0.0,0.7040690505548706,0.7040690505548706,0.06006366132874089,0.0,1.0,1.584413017525091,1.584413017525091,1.500189279301503,1.576553283408798,1.584413017525091,1.584413017525091,1.9083359222931853,1.8528960887923365,0.0,0.0,0.0,0.0,0.0,0.0,0.13551068226702997,0.009518140255904778,-169.16202940627565,-102.42066390876228
test,days_to_first_sale_bucket,1_to_30_days,198,0.4100223678719014,0.4803765404334819,0.401649116323382,0.4410128283784319,-0.07035417256158054,0.008373251548519393,-0.03099046050653058,0.2777777777777778,0.5050505050505051,0.32323232323232326,0.09014857710595267,0.9103535353535354,0.0,1.362371937239496,1.3565219988924722,1.4147640664216325,1.4051163361334764,1.7013528448575492,1.3565219988924722,1.8383982224064637,1.6212507475967186,-0.002633141671179123,-0.06891322791358567,0.41414141414141414,0.43176143082798996,0.05254227419322727,0.5404040404040404,-0.06869449308333302,-0.07679297031903964,-0.5727653998441481,-0.06595335475174453
test,days_to_first_sale_bucket,over_180_days,46,0.2370045011141177,0.35943463090288735,0.2640384264224005,0.31173652866264395,-0.12243012978876959,-0.027033925308282702,-0.07473202754852613,0.2826086956521739,0.3695652173913043,0.2826086956521739,0.05699413157362858,0.967391304347826,0.0,0.668922035440747,0.958968145148838,1.7846010779681936,1.3414192991913603,0.8552496664575067,0.958968145148838,10.66960603590509,6.188014957527984,-0.23983520390862248,-0.28643403164379644,0.30434782608695654,-0.09225279012154916,-0.1106232046918989,0.43478260869565216,-1.1083447090798604,-0.6564834048240937,-3579064202139.4526,-1241578549275.537
test,days_to_first_sale_bucket,immediate,15,0.3757193437370677,0.4792181787061043,0.3557551473396668,0.4174866630228856,-0.10349883496903658,0.019964196397401025,-0.041767319285817776,0.13333333333333333,0.6,0.2,0.08720351526352019,0.9666666666666667,0.0,1.3434835542893944,1.1617483192720044,1.3874443216407977,1.4547111287673549,1.5981851237021685,1.1617483192720044,1.6072180718991755,1.4086470543641905,-0.015473010799019474,0.009851624299198614,0.5333333333333333,0.4560511570406423,0.2391694212612796,0.6,0.03131526733458757,-0.04315057936909175,-0.10982820393765395,0.1814105546719197
test,calendar_year,2024,751,0.45912429866343357,0.5113884376809209,0.414668126218929,0.4630282819499249,-0.05226413901748726,0.0444561724445045,-0.0039039832864913885,0.18375499334221038,0.6284953395472703,0.5099866844207723,0.08065858721775837,0.5798934753661784,0.3648468708388815,1.4909347585641082,1.490441985629591,1.4741712408455,1.5149435921307672,1.7103892799712737,1.490441985629591,1.9426432706379,1.812233582054484,0.007422269554431429,0.0,0.28495339547270304,0.33834237723048344,0.0,0.37283621837549935,-0.03277445419172118,-0.051598606090969716,-2920.8852233327925,-2394.2850320222756
test,calendar_year,2025,643,0.48124357961853725,0.5050936591137065,0.3912150281301738,0.4481543436219401,-0.02385007949516927,0.09002855148836347,0.0330892359965971,0.04043545878693624,0.614307931570762,0.5847589424572317,0.06246385929604878,0.2025660964230171,0.7853810264385692,1.4071936168281285,1.4789448413183666,1.587872998335804,1.5346496556963432,1.451378388736369,1.4789448413183666,2.5078119782739554,2.099613275346055,-0.04284863019931757,0.0,0.05909797822706065,0.015295634936044392,0.0,0.08398133748055987,-0.01622092609928995,-0.10261832227980122,-213.76312193406773,-129.37156104405955
test,calendar_year,2023,125,0.3574108589278503,0.4581828065832482,0.28783712569132713,0.3730099661372876,-0.1007719476553979,0.06957373323652306,-0.015599107209437399,0.152,0.72,0.512,0.07070393574375192,0.716,0.256,1.292954037337729,1.3907003202435193,1.4707658897465925,1.4758052201954603,1.4626459695977478,1.3907003202435193,3.6683651467543466,2.651918680302565,-0.12479838573666012,-0.015755280349432743,0.24,0.24759494556368897,0.0,0.376,-0.27615463928068834,-0.2765647730935575,-1317095626389.5115,-456900906134.4463
