ticker,current_market_cap,metadata_source,metadata_fetch_status,metadata_fetch_error
A,38377395511.03383,yfinance.Ticker.fast_info.market_cap,success,
AA,19960629983.9344,yfinance.Ticker.fast_info.market_cap,success,
AAL,9689292004.751593,yfinance.Ticker.fast_info.market_cap,success,
AAON,11650302163.33542,yfinance.Ticker.fast_info.market_cap,success,
AAPL,4589945766991.211,yfinance.Ticker.fast_info.market_cap,success,
ABBV,386415269742.9224,yfinance.Ticker.fast_info.market_cap,success,
ABNB,79832343932.51009,yfinance.Ticker.fast_info.market_cap,success,
ABT,150126879995.73352,yfinance.Ticker.fast_info.market_cap,success,
ACGL,31679153304.20856,yfinance.Ticker.fast_info.market_cap,success,
ACI,7870521991.564993,yfinance.Ticker.fast_info.market_cap,success,
ACM,9110347458.754578,yfinance.Ticker.fast_info.market_cap,success,
ACN,109775166305.77551,yfinance.Ticker.fast_info.market_cap,success,
ADBE,97602174493.4082,yfinance.Ticker.fast_info.market_cap,success,
ADC,8953067404.240097,yfinance.Ticker.fast_info.market_cap,success,
ADI,204094345387.10938,yfinance.Ticker.fast_info.market_cap,success,
ADM,38544472511.4177,yfinance.Ticker.fast_info.market_cap,success,
ADP,87885579484.49844,yfinance.Ticker.fast_info.market_cap,success,
ADSK,50875447584.08583,yfinance.Ticker.fast_info.market_cap,success,
AEE,30165926144.0,yfinance.Ticker.fast_info.market_cap,success,
AEIS,12681777500.832062,yfinance.Ticker.fast_info.market_cap,success,
AEP,69498537563.88446,yfinance.Ticker.fast_info.market_cap,success,
AES,10479852374.896538,yfinance.Ticker.fast_info.market_cap,success,
AFG,10973179590.350649,yfinance.Ticker.fast_info.market_cap,success,
AFL,57314246823.54852,yfinance.Ticker.fast_info.market_cap,success,
AGCO,8243710688.463356,yfinance.Ticker.fast_info.market_cap,success,
AIG,39415528527.46683,yfinance.Ticker.fast_info.market_cap,success,
AIT,11418465664.944763,yfinance.Ticker.fast_info.market_cap,success,
AIZ,12259076255.815569,yfinance.Ticker.fast_info.market_cap,success,
AJG,52046170892.7002,yfinance.Ticker.fast_info.market_cap,success,
AKAM,20803203651.172577,yfinance.Ticker.fast_info.market_cap,success,
ALB,20790110383.42459,yfinance.Ticker.fast_info.market_cap,success,
ALGM,9514102750.955284,yfinance.Ticker.fast_info.market_cap,success,
ALGN,12413570084.046707,yfinance.Ticker.fast_info.market_cap,success,
ALK,5188133368.704414,yfinance.Ticker.fast_info.market_cap,success,
ALL,53417415770.2446,yfinance.Ticker.fast_info.market_cap,success,
ALLE,11302284805.87761,yfinance.Ticker.fast_info.market_cap,success,
ALLY,13128383306.72049,yfinance.Ticker.fast_info.market_cap,success,
ALV,9660364632.897491,yfinance.Ticker.fast_info.market_cap,success,
AM,10052952134.857178,yfinance.Ticker.fast_info.market_cap,success,
AMAT,357027670667.26746,yfinance.Ticker.fast_info.market_cap,success,
AMCR,18147068332.5,yfinance.Ticker.fast_info.market_cap,success,
AMD,844667452932.2244,yfinance.Ticker.fast_info.market_cap,success,
AME,51641727821.04236,yfinance.Ticker.fast_info.market_cap,success,
AMG,7994541883.742371,yfinance.Ticker.fast_info.market_cap,success,
AMGN,181584855375.53577,yfinance.Ticker.fast_info.market_cap,success,
AMH,11533650230.210085,yfinance.Ticker.fast_info.market_cap,success,
AMKR,17494842774.308136,yfinance.Ticker.fast_info.market_cap,success,
AMP,39528646037.47644,yfinance.Ticker.fast_info.market_cap,success,
AMT,87070755381.05144,yfinance.Ticker.fast_info.market_cap,success,
AMZN,2946910261304.572,yfinance.Ticker.fast_info.market_cap,success,
AN,6482160852.246552,yfinance.Ticker.fast_info.market_cap,success,
ANET,195347545842.784,yfinance.Ticker.fast_info.market_cap,success,
ANF,3689646926.231247,yfinance.Ticker.fast_info.market_cap,success,
AON,67977271067.00595,yfinance.Ticker.fast_info.market_cap,success,
AOS,7940307112.763916,yfinance.Ticker.fast_info.market_cap,success,
APA,12912266960.82779,yfinance.Ticker.fast_info.market_cap,success,
APD,63185644652.5,yfinance.Ticker.fast_info.market_cap,success,
APG,18030948439.442585,yfinance.Ticker.fast_info.market_cap,success,
APH,182000886796.8021,yfinance.Ticker.fast_info.market_cap,success,
APO,73523277729.13327,yfinance.Ticker.fast_info.market_cap,success,
APP,201469639692.14185,yfinance.Ticker.fast_info.market_cap,success,
APPF,5629078345.694321,yfinance.Ticker.fast_info.market_cap,success,
APTV,13497156953.73416,yfinance.Ticker.fast_info.market_cap,success,
AR,11085931701.782228,yfinance.Ticker.fast_info.market_cap,success,
ARE,8720444938.748474,yfinance.Ticker.fast_info.market_cap,success,
ARES,28416436804.2554,yfinance.Ticker.fast_info.market_cap,success,
ARMK,14032517384.218826,yfinance.Ticker.fast_info.market_cap,success,
ARW,11039307570.730316,yfinance.Ticker.fast_info.market_cap,success,
ARWR,11131930197.685394,yfinance.Ticker.fast_info.market_cap,success,
ASB,5259449615.066448,yfinance.Ticker.fast_info.market_cap,success,
ASGN,833931000.0,yfinance.Ticker.fast_info.market_cap,success,
ASH,2625471140.1666603,yfinance.Ticker.fast_info.market_cap,success,
ASML,618402643492.5,yfinance.Ticker.fast_info.market_cap,success,
ATI,23246372035.41037,yfinance.Ticker.fast_info.market_cap,success,
ATO,28893822206.99774,yfinance.Ticker.fast_info.market_cap,success,
ATR,7400603784.930756,yfinance.Ticker.fast_info.market_cap,success,
AVAV,10846539387.086334,yfinance.Ticker.fast_info.market_cap,success,
AVB,26230726750.81816,yfinance.Ticker.fast_info.market_cap,success,
AVGO,2019430621823.0613,yfinance.Ticker.fast_info.market_cap,success,
AVNT,3321742360.6908875,yfinance.Ticker.fast_info.market_cap,success,
AVT,7144297329.941185,yfinance.Ticker.fast_info.market_cap,success,
AVTR,6240384608.685465,yfinance.Ticker.fast_info.market_cap,success,
AVY,12337133683.103714,yfinance.Ticker.fast_info.market_cap,success,
AWK,23880855091.874657,yfinance.Ticker.fast_info.market_cap,success,
AXON,35410105057.98724,yfinance.Ticker.fast_info.market_cap,success,
AXP,214939659472.77417,yfinance.Ticker.fast_info.market_cap,success,
AXTA,6458016161.116638,yfinance.Ticker.fast_info.market_cap,success,
AYI,9101219773.96582,yfinance.Ticker.fast_info.market_cap,success,
AZN,287891675368.642,yfinance.Ticker.fast_info.market_cap,success,
AZO,49194084198.97461,yfinance.Ticker.fast_info.market_cap,success,
BA,180402993260.7656,yfinance.Ticker.fast_info.market_cap,success,
BABA,302638749745.5415,yfinance.Ticker.fast_info.market_cap,success,
BAC,360719715784.5756,yfinance.Ticker.fast_info.market_cap,success,
BAH,9710812558.524475,yfinance.Ticker.fast_info.market_cap,success,
BALL,14965716139.55404,yfinance.Ticker.fast_info.market_cap,success,
BAX,9949775123.892334,yfinance.Ticker.fast_info.market_cap,success,
BBVA,129041430306.2764,yfinance.Ticker.fast_info.market_cap,success,
BBWI,4097127190.431599,yfinance.Ticker.fast_info.market_cap,success,
BBY,15743144629.836271,yfinance.Ticker.fast_info.market_cap,success,
BC,5439334839.226501,yfinance.Ticker.fast_info.market_cap,success,
BCO,4423624793.9487,yfinance.Ticker.fast_info.market_cap,success,
BDC,4099249733.593445,yfinance.Ticker.fast_info.market_cap,success,
BDX,40859888069.88817,yfinance.Ticker.fast_info.market_cap,success,
BEN,16220474091.120338,yfinance.Ticker.fast_info.market_cap,success,
BG,23985489466.875,yfinance.Ticker.fast_info.market_cap,success,
BHF,3605297370.179157,yfinance.Ticker.fast_info.market_cap,success,
BIDU,44920157494.896194,yfinance.Ticker.fast_info.market_cap,success,
BIIB,28994453317.51945,yfinance.Ticker.fast_info.market_cap,success,
BILL,3468954183.777054,yfinance.Ticker.fast_info.market_cap,success,
BIO,8515807870.904236,yfinance.Ticker.fast_info.market_cap,success,
BJ,10983464116.482727,yfinance.Ticker.fast_info.market_cap,success,
BK,94143743640.0,yfinance.Ticker.fast_info.market_cap,success,
BKH,5564965309.637711,yfinance.Ticker.fast_info.market_cap,success,
BKNG,131589861676.89915,yfinance.Ticker.fast_info.market_cap,success,
BKR,64196764474.60398,yfinance.Ticker.fast_info.market_cap,success,
BLD,11844613707.310793,yfinance.Ticker.fast_info.market_cap,success,
BLDR,8251993818.018677,yfinance.Ticker.fast_info.market_cap,success,
BLK,162421330270.48462,yfinance.Ticker.fast_info.market_cap,success,
BLKB,1395876673.305267,yfinance.Ticker.fast_info.market_cap,success,
BMRN,10191888327.261406,yfinance.Ticker.fast_info.market_cap,success,
BMY,116204061817.77225,yfinance.Ticker.fast_info.market_cap,success,
BP,107094137808.7834,yfinance.Ticker.fast_info.market_cap,success,
BR,17303637884.762222,yfinance.Ticker.fast_info.market_cap,success,
BRBR,1002896456.25,yfinance.Ticker.fast_info.market_cap,success,
BRK-B,1029487880580.3136,yfinance.Ticker.fast_info.market_cap,success,
BRKR,8279551596.448853,yfinance.Ticker.fast_info.market_cap,success,
BRO,19245457998.22531,yfinance.Ticker.fast_info.market_cap,success,
BROS,7778821772.069664,yfinance.Ticker.fast_info.market_cap,success,
BRX,9442896771.12612,yfinance.Ticker.fast_info.market_cap,success,
BSX,72950314906.91762,yfinance.Ticker.fast_info.market_cap,success,
BSY,9783772442.438324,yfinance.Ticker.fast_info.market_cap,success,
BUD,158620407967.56256,yfinance.Ticker.fast_info.market_cap,success,
BURL,18889606134.521027,yfinance.Ticker.fast_info.market_cap,success,
BWA,14639053902.535011,yfinance.Ticker.fast_info.market_cap,success,
BWXT,18258341304.703568,yfinance.Ticker.fast_info.market_cap,success,
BX,141880174153.30853,yfinance.Ticker.fast_info.market_cap,success,
BXP,9676290577.253408,yfinance.Ticker.fast_info.market_cap,success,
BYD,6190215300.944946,yfinance.Ticker.fast_info.market_cap,success,
C,212668563845.7097,yfinance.Ticker.fast_info.market_cap,success,
CACI,11549333984.33075,yfinance.Ticker.fast_info.market_cap,success,
CAG,6403881442.565575,yfinance.Ticker.fast_info.market_cap,success,
CAH,46762710466.148,yfinance.Ticker.fast_info.market_cap,success,
CAR,6167036120.561981,yfinance.Ticker.fast_info.market_cap,success,
CARR,52999337932.25864,yfinance.Ticker.fast_info.market_cap,success,
CART,9387090448.395668,yfinance.Ticker.fast_info.market_cap,success,
CASY,28941860833.92279,yfinance.Ticker.fast_info.market_cap,success,
CAT,408697092146.835,yfinance.Ticker.fast_info.market_cap,success,
CAVA,9101267036.75,yfinance.Ticker.fast_info.market_cap,success,
CB,122680146793.17957,yfinance.Ticker.fast_info.market_cap,success,
CBOE,35964272232.843994,yfinance.Ticker.fast_info.market_cap,success,
CBRE,36931491026.375,yfinance.Ticker.fast_info.market_cap,success,
CBSH,7583327825.891487,yfinance.Ticker.fast_info.market_cap,success,
CBT,4533392825.186394,yfinance.Ticker.fast_info.market_cap,success,
CCI,39795691943.134575,yfinance.Ticker.fast_info.market_cap,success,
CCK,10884679092.475555,yfinance.Ticker.fast_info.market_cap,success,
CCL,38721576769.35724,yfinance.Ticker.fast_info.market_cap,success,
CDNS,103113813283.44728,yfinance.Ticker.fast_info.market_cap,success,
CDP,3683048113.4547577,yfinance.Ticker.fast_info.market_cap,success,
CDW,14839841336.00711,yfinance.Ticker.fast_info.market_cap,success,
CEG,103412326055.71832,yfinance.Ticker.fast_info.market_cap,success,
CELH,8488538621.891479,yfinance.Ticker.fast_info.market_cap,success,
CF,17906260077.953934,yfinance.Ticker.fast_info.market_cap,success,
CFG,26381489241.8767,yfinance.Ticker.fast_info.market_cap,success,
CFR,8565516963.917236,yfinance.Ticker.fast_info.market_cap,success,
CG,16234846108.422615,yfinance.Ticker.fast_info.market_cap,success,
CGNX,10985348316.020302,yfinance.Ticker.fast_info.market_cap,success,
CHD,23138727164.072205,yfinance.Ticker.fast_info.market_cap,success,
CHDN,6163297595.709808,yfinance.Ticker.fast_info.market_cap,success,
CHE,5839411139.251221,yfinance.Ticker.fast_info.market_cap,success,
CHH,5161008836.992981,yfinance.Ticker.fast_info.market_cap,success,
CHRD,7537897577.507706,yfinance.Ticker.fast_info.market_cap,success,
CHRW,20676110728.88397,yfinance.Ticker.fast_info.market_cap,success,
CHTR,20791339153.07907,yfinance.Ticker.fast_info.market_cap,success,
CHWY,8742025689.75,yfinance.Ticker.fast_info.market_cap,success,
CI,75243597639.59106,yfinance.Ticker.fast_info.market_cap,success,
CIEN,80582966999.41003,yfinance.Ticker.fast_info.market_cap,success,
CINF,24748332702.29965,yfinance.Ticker.fast_info.market_cap,success,
CL,73345355084.98077,yfinance.Ticker.fast_info.market_cap,success,
CLF,7577958631.206631,yfinance.Ticker.fast_info.market_cap,success,
CLH,14825426268.845217,yfinance.Ticker.fast_info.market_cap,success,
CLX,11625378611.335464,yfinance.Ticker.fast_info.market_cap,success,
CMC,8533338838.760864,yfinance.Ticker.fast_info.market_cap,success,
CMCSA,89877269949.04118,yfinance.Ticker.fast_info.market_cap,success,
CME,100245384919.57562,yfinance.Ticker.fast_info.market_cap,success,
CMG,41490032795.8374,yfinance.Ticker.fast_info.market_cap,success,
CMI,92140127631.92078,yfinance.Ticker.fast_info.market_cap,success,
CMS,22600559213.61737,yfinance.Ticker.fast_info.market_cap,success,
CNC,29072298375.0,yfinance.Ticker.fast_info.market_cap,success,
CNH,12945083085.976048,yfinance.Ticker.fast_info.market_cap,success,
CNM,9254741073.035269,yfinance.Ticker.fast_info.market_cap,success,
CNO,4319235276.5415535,yfinance.Ticker.fast_info.market_cap,success,
CNP,27619036244.14673,yfinance.Ticker.fast_info.market_cap,success,
CNX,4796090652.477676,yfinance.Ticker.fast_info.market_cap,success,
CNXC,1614797702.3313105,yfinance.Ticker.fast_info.market_cap,success,
COF,116443422516.42102,yfinance.Ticker.fast_info.market_cap,success,
COHR,73840147492.12482,yfinance.Ticker.fast_info.market_cap,success,
COIN,48015724603.5,yfinance.Ticker.fast_info.market_cap,success,
COKE,11630113528.935242,yfinance.Ticker.fast_info.market_cap,success,
COLB,8583389241.468189,yfinance.Ticker.fast_info.market_cap,success,
COLM,3466834336.500793,yfinance.Ticker.fast_info.market_cap,success,
COO,11909783032.552568,yfinance.Ticker.fast_info.market_cap,success,
COP,140030716138.9306,yfinance.Ticker.fast_info.market_cap,success,
COR,52049946388.99353,yfinance.Ticker.fast_info.market_cap,success,
COST,441523013223.6804,yfinance.Ticker.fast_info.market_cap,success,
COTY,1954635517.5503469,yfinance.Ticker.fast_info.market_cap,success,
CPAY,23045958780.847504,yfinance.Ticker.fast_info.market_cap,success,
CPB,6201446722.9322815,yfinance.Ticker.fast_info.market_cap,success,
CPRI,2277590880.764122,yfinance.Ticker.fast_info.market_cap,success,
CPRT,32058901976.72644,yfinance.Ticker.fast_info.market_cap,success,
CPT,10711693276.39975,yfinance.Ticker.fast_info.market_cap,success,
CR,10492102840.712036,yfinance.Ticker.fast_info.market_cap,success,
CRBG,12149101192.82986,yfinance.Ticker.fast_info.market_cap,success,
CRH,71410558919.1867,yfinance.Ticker.fast_info.market_cap,success,
CRL,8747982548.543243,yfinance.Ticker.fast_info.market_cap,success,
CRM,144280134834.87695,yfinance.Ticker.fast_info.market_cap,success,
CROX,5894186182.236694,yfinance.Ticker.fast_info.market_cap,success,
CRS,22963695790.25171,yfinance.Ticker.fast_info.market_cap,success,
CRUS,8820138805.423218,yfinance.Ticker.fast_info.market_cap,success,
CRWD,170791457740.0818,yfinance.Ticker.fast_info.market_cap,success,
CSCO,467611806249.9392,yfinance.Ticker.fast_info.market_cap,success,
CSGP,13189889282.949314,yfinance.Ticker.fast_info.market_cap,success,
CSL,13871832604.76831,yfinance.Ticker.fast_info.market_cap,success,
CSX,85102758187.15256,yfinance.Ticker.fast_info.market_cap,success,
CTAS,69247687648.96332,yfinance.Ticker.fast_info.market_cap,success,
CTRA,24724651514.640003,yfinance.Ticker.fast_info.market_cap,success,
CTSH,25471049278.25928,yfinance.Ticker.fast_info.market_cap,success,
CTVA,53868768770.1416,yfinance.Ticker.fast_info.market_cap,success,
CUBE,9179940213.77426,yfinance.Ticker.fast_info.market_cap,success,
CUZ,4412149117.269018,yfinance.Ticker.fast_info.market_cap,success,
CVLT,4567682066.185616,yfinance.Ticker.fast_info.market_cap,success,
CVNA,52776128425.39387,yfinance.Ticker.fast_info.market_cap,success,
CVS,118533648767.21056,yfinance.Ticker.fast_info.market_cap,success,
CVX,364721302385.7583,yfinance.Ticker.fast_info.market_cap,success,
CW,27645658722.303223,yfinance.Ticker.fast_info.market_cap,success,
CXT,2309175249.171879,yfinance.Ticker.fast_info.market_cap,success,
CYTK,10429896912.826103,yfinance.Ticker.fast_info.market_cap,success,
D,59327516218.65546,yfinance.Ticker.fast_info.market_cap,success,
DAL,54215170731.31363,yfinance.Ticker.fast_info.market_cap,success,
DAR,9483195459.205309,yfinance.Ticker.fast_info.market_cap,success,
DASH,68277122407.69199,yfinance.Ticker.fast_info.market_cap,success,
DBX,6110144121.905989,yfinance.Ticker.fast_info.market_cap,success,
DCI,9655433757.00332,yfinance.Ticker.fast_info.market_cap,success,
DD,19345579047.643257,yfinance.Ticker.fast_info.market_cap,success,
DDOG,80176474925.70772,yfinance.Ticker.fast_info.market_cap,success,
DE,145605382630.7716,yfinance.Ticker.fast_info.market_cap,success,
DECK,15867843360.58706,yfinance.Ticker.fast_info.market_cap,success,
DELL,207212283553.0,yfinance.Ticker.fast_info.market_cap,success,
DG,24210579951.53809,yfinance.Ticker.fast_info.market_cap,success,
DGX,21749633896.97383,yfinance.Ticker.fast_info.market_cap,success,
DHI,41652174942.10608,yfinance.Ticker.fast_info.market_cap,success,
DHR,127752598173.5,yfinance.Ticker.fast_info.market_cap,success,
DINO,12303798575.25,yfinance.Ticker.fast_info.market_cap,success,
DIS,180176083545.7388,yfinance.Ticker.fast_info.market_cap,success,
DKS,20225291059.70528,yfinance.Ticker.fast_info.market_cap,success,
DLB,5237424795.754795,yfinance.Ticker.fast_info.market_cap,success,
DLR,67339946909.94995,yfinance.Ticker.fast_info.market_cap,success,
DLTR,22003970878.0,yfinance.Ticker.fast_info.market_cap,success,
DOC,13423001124.55306,yfinance.Ticker.fast_info.market_cap,success,
DOCS,3852199767.7192097,yfinance.Ticker.fast_info.market_cap,success,
DOCU,9632967273.638151,yfinance.Ticker.fast_info.market_cap,success,
DOV,28637096794.384827,yfinance.Ticker.fast_info.market_cap,success,
DOW,25117838014.535843,yfinance.Ticker.fast_info.market_cap,success,
DPZ,10321823742.017212,yfinance.Ticker.fast_info.market_cap,success,
DRI,23406373282.98661,yfinance.Ticker.fast_info.market_cap,success,
DT,11823712708.863997,yfinance.Ticker.fast_info.market_cap,success,
DTE,29821897921.32216,yfinance.Ticker.fast_info.market_cap,success,
DTM,14607401805.477903,yfinance.Ticker.fast_info.market_cap,success,
DUK,96443847291.32834,yfinance.Ticker.fast_info.market_cap,success,
DUOL,5063739969.779091,yfinance.Ticker.fast_info.market_cap,success,
DVA,12667551639.175417,yfinance.Ticker.fast_info.market_cap,success,
DVN,50852620423.063095,yfinance.Ticker.fast_info.market_cap,success,
DXCM,27914049743.07096,yfinance.Ticker.fast_info.market_cap,success,
DY,16098375151.171144,yfinance.Ticker.fast_info.market_cap,success,
E,76939296942.39685,yfinance.Ticker.fast_info.market_cap,success,
EA,50438659476.1344,yfinance.Ticker.fast_info.market_cap,success,
EBAY,49785718780.51758,yfinance.Ticker.fast_info.market_cap,success,
ECL,73297583707.98328,yfinance.Ticker.fast_info.market_cap,success,
ED,39171022681.84902,yfinance.Ticker.fast_info.market_cap,success,
EEFT,2687340204.23758,yfinance.Ticker.fast_info.market_cap,success,
EFX,19770804028.700485,yfinance.Ticker.fast_info.market_cap,success,
EG,13193567967.735537,yfinance.Ticker.fast_info.market_cap,success,
EGP,11017134019.50206,yfinance.Ticker.fast_info.market_cap,success,
EHC,10460542683.268433,yfinance.Ticker.fast_info.market_cap,success,
EIX,27024079768.157707,yfinance.Ticker.fast_info.market_cap,success,
EL,32890777047.58255,yfinance.Ticker.fast_info.market_cap,success,
ELAN,11966811551.42025,yfinance.Ticker.fast_info.market_cap,success,
ELF,3408022503.790573,yfinance.Ticker.fast_info.market_cap,success,
ELS,12081339509.024734,yfinance.Ticker.fast_info.market_cap,success,
ELV,85290524745.0,yfinance.Ticker.fast_info.market_cap,success,
EME,37812158509.97296,yfinance.Ticker.fast_info.market_cap,success,
EMR,79422181709.28955,yfinance.Ticker.fast_info.market_cap,success,
ENS,8336277175.86264,yfinance.Ticker.fast_info.market_cap,success,
ENSG,9990656818.688965,yfinance.Ticker.fast_info.market_cap,success,
ENTG,21084412371.82617,yfinance.Ticker.fast_info.market_cap,success,
EOG,71659838850.20279,yfinance.Ticker.fast_info.market_cap,success,
EPAM,5302028141.622482,yfinance.Ticker.fast_info.market_cap,success,
EPR,4429028738.0434265,yfinance.Ticker.fast_info.market_cap,success,
EQH,11576077016.10485,yfinance.Ticker.fast_info.market_cap,success,
EQIX,105472710002.35548,yfinance.Ticker.fast_info.market_cap,success,
EQNR,90949307612.06918,yfinance.Ticker.fast_info.market_cap,success,
EQR,24835920446.907715,yfinance.Ticker.fast_info.market_cap,success,
EQT,34613952615.44037,yfinance.Ticker.fast_info.market_cap,success,
ERIC,42342476419.93169,yfinance.Ticker.fast_info.market_cap,success,
ERIE,11409126426.58081,yfinance.Ticker.fast_info.market_cap,success,
ES,25981488182.813454,yfinance.Ticker.fast_info.market_cap,success,
ESAB,5657128567.562256,yfinance.Ticker.fast_info.market_cap,success,
ESNT,5379423202.5,yfinance.Ticker.fast_info.market_cap,success,
ESS,17769014078.446045,yfinance.Ticker.fast_info.market_cap,success,
ETN,156013116921.99707,yfinance.Ticker.fast_info.market_cap,success,
ETR,50150057616.35488,yfinance.Ticker.fast_info.market_cap,success,
EVR,13437908683.39795,yfinance.Ticker.fast_info.market_cap,success,
EVRG,19098003769.51504,yfinance.Ticker.fast_info.market_cap,success,
EW,49564865054.32129,yfinance.Ticker.fast_info.market_cap,success,
EWBC,16857390457.179413,yfinance.Ticker.fast_info.market_cap,success,
EXC,46637828985.91007,yfinance.Ticker.fast_info.market_cap,success,
EXE,22389427101.82779,yfinance.Ticker.fast_info.market_cap,success,
EXEL,12932219212.11871,yfinance.Ticker.fast_info.market_cap,success,
EXLS,4445983350.382063,yfinance.Ticker.fast_info.market_cap,success,
EXP,6773002159.842499,yfinance.Ticker.fast_info.market_cap,success,
EXPD,20795790147.0,yfinance.Ticker.fast_info.market_cap,success,
EXPE,27311023987.62831,yfinance.Ticker.fast_info.market_cap,success,
EXPO,2834049277.3525543,yfinance.Ticker.fast_info.market_cap,success,
EXR,30814520253.90344,yfinance.Ticker.fast_info.market_cap,success,
F,66444746565.170784,yfinance.Ticker.fast_info.market_cap,success,
FAF,6783992189.025879,yfinance.Ticker.fast_info.market_cap,success,
FANG,54614163307.87999,yfinance.Ticker.fast_info.market_cap,success,
FAST,51386047403.42127,yfinance.Ticker.fast_info.market_cap,success,
FBIN,4698967622.819077,yfinance.Ticker.fast_info.market_cap,success,
FCFS,9783471483.590515,yfinance.Ticker.fast_info.market_cap,success,
FCN,4669010801.871536,yfinance.Ticker.fast_info.market_cap,success,
FCX,94735197297.04228,yfinance.Ticker.fast_info.market_cap,success,
FDS,8703031906.794205,yfinance.Ticker.fast_info.market_cap,success,
FDX,98204578513.38013,yfinance.Ticker.fast_info.market_cap,success,
FE,26694599608.86593,yfinance.Ticker.fast_info.market_cap,success,
FFIN,4685319220.315437,yfinance.Ticker.fast_info.market_cap,success,
FFIV,21632831463.983093,yfinance.Ticker.fast_info.market_cap,success,
FHI,4203663159.875,yfinance.Ticker.fast_info.market_cap,success,
FHN,11492870414.21593,yfinance.Ticker.fast_info.market_cap,success,
FICO,30037267971.476074,yfinance.Ticker.fast_info.market_cap,success,
FIS,21817468490.493004,yfinance.Ticker.fast_info.market_cap,success,
FISV,29771571014.79721,yfinance.Ticker.fast_info.market_cap,success,
FITB,45206820982.28517,yfinance.Ticker.fast_info.market_cap,success,
FIVE,12435829194.606537,yfinance.Ticker.fast_info.market_cap,success,
FIX,65347883698.67615,yfinance.Ticker.fast_info.market_cap,success,
FLEX,53069844382.74338,yfinance.Ticker.fast_info.market_cap,success,
FLG,5910438557.1618805,yfinance.Ticker.fast_info.market_cap,success,
FLO,1631287941.2410498,yfinance.Ticker.fast_info.market_cap,success,
FLR,6568675038.3845215,yfinance.Ticker.fast_info.market_cap,success,
FLS,9613644275.63443,yfinance.Ticker.fast_info.market_cap,success,
FN,23916710097.299805,yfinance.Ticker.fast_info.market_cap,success,
FNB,6252506954.290258,yfinance.Ticker.fast_info.market_cap,success,
FND,5563606032.450867,yfinance.Ticker.fast_info.market_cap,success,
FNF,12813244568.489456,yfinance.Ticker.fast_info.market_cap,success,
FOUR,3471433581.089035,yfinance.Ticker.fast_info.market_cap,success,
FOX,24887635245.10397,yfinance.Ticker.fast_info.market_cap,success,
FOXA,27660865885.83412,yfinance.Ticker.fast_info.market_cap,success,
FR,8296919864.668152,yfinance.Ticker.fast_info.market_cap,success,
FRT,10454820330.937202,yfinance.Ticker.fast_info.market_cap,success,
FSLR,32599201791.614624,yfinance.Ticker.fast_info.market_cap,success,
FTI,26990124795.74084,yfinance.Ticker.fast_info.market_cap,success,
FTNT,95024494076.83456,yfinance.Ticker.fast_info.market_cap,success,
FTV,18026737190.91254,yfinance.Ticker.fast_info.market_cap,success,
G,5498790951.618233,yfinance.Ticker.fast_info.market_cap,success,
GAP,9107931073.122978,yfinance.Ticker.fast_info.market_cap,success,
GATX,6054817798.102509,yfinance.Ticker.fast_info.market_cap,success,
GBCI,6212684846.034035,yfinance.Ticker.fast_info.market_cap,success,
GD,94396360413.99004,yfinance.Ticker.fast_info.market_cap,success,
GDDY,11393867738.432783,yfinance.Ticker.fast_info.market_cap,success,
GE,335144782911.41614,yfinance.Ticker.fast_info.market_cap,success,
GEF,3631972089.7027206,yfinance.Ticker.fast_info.market_cap,success,
GEHC,28594497945.603912,yfinance.Ticker.fast_info.market_cap,success,
GEN,14789750656.079445,yfinance.Ticker.fast_info.market_cap,success,
GGG,12579557671.818192,yfinance.Ticker.fast_info.market_cap,success,
GHC,4847450590.394531,yfinance.Ticker.fast_info.market_cap,success,
GILD,169126649751.86823,yfinance.Ticker.fast_info.market_cap,success,
GIS,18067777391.09013,yfinance.Ticker.fast_info.market_cap,success,
GL,11943317705.707214,yfinance.Ticker.fast_info.market_cap,success,
GLPI,13433212005.062449,yfinance.Ticker.fast_info.market_cap,success,
GLW,157522540059.16672,yfinance.Ticker.fast_info.market_cap,success,
GM,76010378690.1638,yfinance.Ticker.fast_info.market_cap,success,
GME,9723138923.322424,yfinance.Ticker.fast_info.market_cap,success,
GMED,11207075991.152222,yfinance.Ticker.fast_info.market_cap,success,
GNRC,16422596010.431185,yfinance.Ticker.fast_info.market_cap,success,
GNTX,5127880483.593063,yfinance.Ticker.fast_info.market_cap,success,
GOOG,4678015237585.038,yfinance.Ticker.fast_info.market_cap,success,
GOOGL,4726598286957.462,yfinance.Ticker.fast_info.market_cap,success,
GPC,13810651194.136322,yfinance.Ticker.fast_info.market_cap,success,
GPK,3404184421.296624,yfinance.Ticker.fast_info.market_cap,success,
GPN,20234013546.705414,yfinance.Ticker.fast_info.market_cap,success,
GRMN,45604707268.24017,yfinance.Ticker.fast_info.market_cap,success,
GS,297343874732.6893,yfinance.Ticker.fast_info.market_cap,success,
GSK,102789809702.23048,yfinance.Ticker.fast_info.market_cap,success,
GT,1782119457.375432,yfinance.Ticker.fast_info.market_cap,success,
GTLS,9948869731.84662,yfinance.Ticker.fast_info.market_cap,success,
GTM,946044900.3826008,yfinance.Ticker.fast_info.market_cap,success,
GWRE,12099504240.006348,yfinance.Ticker.fast_info.market_cap,success,
GWW,58927165263.49158,yfinance.Ticker.fast_info.market_cap,success,
GXO,5833423491.638798,yfinance.Ticker.fast_info.market_cap,success,
H,17462269545.341583,yfinance.Ticker.fast_info.market_cap,success,
HAE,3050788713.96888,yfinance.Ticker.fast_info.market_cap,success,
HAL,32843660804.2808,yfinance.Ticker.fast_info.market_cap,success,
HALO,8087034376.197815,yfinance.Ticker.fast_info.market_cap,success,
HAS,12221965586.344208,yfinance.Ticker.fast_info.market_cap,success,
HBAN,32677346763.67569,yfinance.Ticker.fast_info.market_cap,success,
HCA,85206447969.59839,yfinance.Ticker.fast_info.market_cap,success,
HD,320373577754.7655,yfinance.Ticker.fast_info.market_cap,success,
HGV,4139744922.810005,yfinance.Ticker.fast_info.market_cap,success,
HIG,35362875780.0,yfinance.Ticker.fast_info.market_cap,success,
HII,12638447876.65503,yfinance.Ticker.fast_info.market_cap,success,
HIMS,5869767286.470566,yfinance.Ticker.fast_info.market_cap,success,
HL,11806952554.516731,yfinance.Ticker.fast_info.market_cap,success,
HLI,10063679592.080048,yfinance.Ticker.fast_info.market_cap,success,
HLNE,3764527975.276886,yfinance.Ticker.fast_info.market_cap,success,
HLT,76813116737.04187,yfinance.Ticker.fast_info.market_cap,success,
HMC,35428970052.24376,yfinance.Ticker.fast_info.market_cap,success,
HOG,2539597785.75,yfinance.Ticker.fast_info.market_cap,success,
HOLX,16968845229.05,yfinance.Ticker.fast_info.market_cap,success,
HOMB,5412985743.125,yfinance.Ticker.fast_info.market_cap,success,
HON,147641176727.0,yfinance.Ticker.fast_info.market_cap,success,
HOOD,76398845738.13199,yfinance.Ticker.fast_info.market_cap,success,
HPE,50692462899.7874,yfinance.Ticker.fast_info.market_cap,success,
HPQ,22899123671.03336,yfinance.Ticker.fast_info.market_cap,success,
HQY,7588332686.226723,yfinance.Ticker.fast_info.market_cap,success,
HR,6963350871.972515,yfinance.Ticker.fast_info.market_cap,success,
HRB,4856183704.248653,yfinance.Ticker.fast_info.market_cap,success,
HRL,12978452518.294762,yfinance.Ticker.fast_info.market_cap,success,
HSBC,318853750176.4038,yfinance.Ticker.fast_info.market_cap,success,
HSIC,8694126859.475365,yfinance.Ticker.fast_info.market_cap,success,
HST,15943990131.949282,yfinance.Ticker.fast_info.market_cap,success,
HSY,39953044023.145386,yfinance.Ticker.fast_info.market_cap,success,
HUBB,25031677731.141144,yfinance.Ticker.fast_info.market_cap,success,
HUM,37019762470.321655,yfinance.Ticker.fast_info.market_cap,success,
HWC,5512249037.955322,yfinance.Ticker.fast_info.market_cap,success,
HWM,104113967223.60764,yfinance.Ticker.fast_info.market_cap,success,
HXL,6875187936.692749,yfinance.Ticker.fast_info.market_cap,success,
IBKR,37024239007.94232,yfinance.Ticker.fast_info.market_cap,success,
IBM,248275394991.0791,yfinance.Ticker.fast_info.market_cap,success,
IBOC,4502544105.754517,yfinance.Ticker.fast_info.market_cap,success,
ICE,83803298014.69574,yfinance.Ticker.fast_info.market_cap,success,
IDA,7787072974.896469,yfinance.Ticker.fast_info.market_cap,success,
IDXX,44807911096.9353,yfinance.Ticker.fast_info.market_cap,success,
IEX,15546121025.152773,yfinance.Ticker.fast_info.market_cap,success,
IFF,19921329686.540253,yfinance.Ticker.fast_info.market_cap,success,
ILMN,24011309538.269043,yfinance.Ticker.fast_info.market_cap,success,
INCY,19478760112.5,yfinance.Ticker.fast_info.market_cap,success,
INFY,51426144823.0843,yfinance.Ticker.fast_info.market_cap,success,
ING,88483781703.07277,yfinance.Ticker.fast_info.market_cap,success,
INGR,6511478773.568687,yfinance.Ticker.fast_info.market_cap,success,
INTC,607593136932.373,yfinance.Ticker.fast_info.market_cap,success,
INTU,85617081000.0,yfinance.Ticker.fast_info.market_cap,success,
INVH,17461863568.550827,yfinance.Ticker.fast_info.market_cap,success,
IP,17632914830.21061,yfinance.Ticker.fast_info.market_cap,success,
IPGP,4980758272.836182,yfinance.Ticker.fast_info.market_cap,success,
IQV,30207231916.80908,yfinance.Ticker.fast_info.market_cap,success,
IR,27796654841.313904,yfinance.Ticker.fast_info.market_cap,success,
IRM,37741005330.863365,yfinance.Ticker.fast_info.market_cap,success,
IRT,3872792297.194412,yfinance.Ticker.fast_info.market_cap,success,
ISRG,150034006485.77075,yfinance.Ticker.fast_info.market_cap,success,
IT,10787958201.48352,yfinance.Ticker.fast_info.market_cap,success,
ITT,17354358637.57837,yfinance.Ticker.fast_info.market_cap,success,
ITUB,87015489906.80476,yfinance.Ticker.fast_info.market_cap,success,
ITW,71776834675.59814,yfinance.Ticker.fast_info.market_cap,success,
IVZ,12441120129.63094,yfinance.Ticker.fast_info.market_cap,success,
J,14055166883.228302,yfinance.Ticker.fast_info.market_cap,success,
JAZZ,14768405277.961426,yfinance.Ticker.fast_info.market_cap,success,
JBHT,25698417765.55801,yfinance.Ticker.fast_info.market_cap,success,
JBL,38386073602.11786,yfinance.Ticker.fast_info.market_cap,success,
JCI,83058084262.9399,yfinance.Ticker.fast_info.market_cap,success,
JD,39353569175.720215,yfinance.Ticker.fast_info.market_cap,success,
JEF,10714460946.622234,yfinance.Ticker.fast_info.market_cap,success,
JHG,7974183308.365505,yfinance.Ticker.fast_info.market_cap,success,
JKHY,9678537338.33191,yfinance.Ticker.fast_info.market_cap,success,
JLL,13256036694.445038,yfinance.Ticker.fast_info.market_cap,success,
JNJ,555609743199.5154,yfinance.Ticker.fast_info.market_cap,success,
JPM,794314371293.6959,yfinance.Ticker.fast_info.market_cap,success,
KBH,3074599105.072021,yfinance.Ticker.fast_info.market_cap,success,
KBR,4364110087.780655,yfinance.Ticker.fast_info.market_cap,success,
KD,2653513553.0415344,yfinance.Ticker.fast_info.market_cap,success,
KDP,40871207754.4694,yfinance.Ticker.fast_info.market_cap,success,
KEX,7508003715.820312,yfinance.Ticker.fast_info.market_cap,success,
KEY,23115691337.28058,yfinance.Ticker.fast_info.market_cap,success,
KEYS,57877786226.52283,yfinance.Ticker.fast_info.market_cap,success,
KHC,29015977987.65111,yfinance.Ticker.fast_info.market_cap,success,
KIM,16303372707.08142,yfinance.Ticker.fast_info.market_cap,success,
KKR,84400056454.0,yfinance.Ticker.fast_info.market_cap,success,
KLAC,251801528943.0597,yfinance.Ticker.fast_info.market_cap,success,
KMB,33239069437.408447,yfinance.Ticker.fast_info.market_cap,success,
KMI,70994189566.38853,yfinance.Ticker.fast_info.market_cap,success,
KMPR,1499232326.8634949,yfinance.Ticker.fast_info.market_cap,success,
KNF,4469366081.25,yfinance.Ticker.fast_info.market_cap,success,
KNSL,7109574959.754303,yfinance.Ticker.fast_info.market_cap,success,
KNX,12190299334.518433,yfinance.Ticker.fast_info.market_cap,success,
KO,345984127582.5103,yfinance.Ticker.fast_info.market_cap,success,
KR,39253336065.68316,yfinance.Ticker.fast_info.market_cap,success,
KRC,3995339879.490952,yfinance.Ticker.fast_info.market_cap,success,
KRG,5582299440.511755,yfinance.Ticker.fast_info.market_cap,success,
KTOS,12224428214.77246,yfinance.Ticker.fast_info.market_cap,success,
KVUE,33888152257.77482,yfinance.Ticker.fast_info.market_cap,success,
L,21568693205.064323,yfinance.Ticker.fast_info.market_cap,success,
LAD,6740259822.608643,yfinance.Ticker.fast_info.market_cap,success,
LAMR,15436391868.636108,yfinance.Ticker.fast_info.market_cap,success,
LDOS,16544562189.433289,yfinance.Ticker.fast_info.market_cap,success,
LEA,7365983020.628159,yfinance.Ticker.fast_info.market_cap,success,
LECO,14186574397.157593,yfinance.Ticker.fast_info.market_cap,success,
LEN,22100346926.887024,yfinance.Ticker.fast_info.market_cap,success,
LFUS,11976825088.75122,yfinance.Ticker.fast_info.market_cap,success,
LH,21548780700.6836,yfinance.Ticker.fast_info.market_cap,success,
LHX,58660555080.52332,yfinance.Ticker.fast_info.market_cap,success,
LII,17293147843.35742,yfinance.Ticker.fast_info.market_cap,success,
LIN,232089107753.2993,yfinance.Ticker.fast_info.market_cap,success,
LITE,66956235620.11719,yfinance.Ticker.fast_info.market_cap,success,
LIVN,4012345665.813156,yfinance.Ticker.fast_info.market_cap,success,
LLY,1004644772351.0416,yfinance.Ticker.fast_info.market_cap,success,
LMT,123895657017.4834,yfinance.Ticker.fast_info.market_cap,success,
LNT,18639853287.37062,yfinance.Ticker.fast_info.market_cap,success,
LNTH,6485868067.659195,yfinance.Ticker.fast_info.market_cap,success,
LOPE,3991992341.027832,yfinance.Ticker.fast_info.market_cap,success,
LOW,122205438766.47948,yfinance.Ticker.fast_info.market_cap,success,
LPX,5318813122.510376,yfinance.Ticker.fast_info.market_cap,success,
LRCX,397671402000.0,yfinance.Ticker.fast_info.market_cap,success,
LRLCY,240176521302.3119,yfinance.Ticker.fast_info.market_cap,success,
LSCC,20182627080.17816,yfinance.Ticker.fast_info.market_cap,success,
LSTR,6902694220.95932,yfinance.Ticker.fast_info.market_cap,success,
LULU,15700620703.884249,yfinance.Ticker.fast_info.market_cap,success,
LUV,21154125701.9924,yfinance.Ticker.fast_info.market_cap,success,
LVMUY,276436212276.0101,yfinance.Ticker.fast_info.market_cap,success,
LVS,33867394085.191727,yfinance.Ticker.fast_info.market_cap,success,
LW,6010308946.044098,yfinance.Ticker.fast_info.market_cap,success,
LYB,22063954241.982048,yfinance.Ticker.fast_info.market_cap,success,
LYV,38863037433.0,yfinance.Ticker.fast_info.market_cap,success,
M,5922764439.921595,yfinance.Ticker.fast_info.market_cap,success,
MA,436092800849.3143,yfinance.Ticker.fast_info.market_cap,success,
MAA,15226623858.766935,yfinance.Ticker.fast_info.market_cap,success,
MANH,8471187281.025513,yfinance.Ticker.fast_info.market_cap,success,
MAR,101720525783.5642,yfinance.Ticker.fast_info.market_cap,success,
MAS,14397056793.942146,yfinance.Ticker.fast_info.market_cap,success,
MASI,9345263236.882233,yfinance.Ticker.fast_info.market_cap,success,
MAT,4326572509.758949,yfinance.Ticker.fast_info.market_cap,success,
MCD,197478000185.09344,yfinance.Ticker.fast_info.market_cap,success,
MCHP,52061294643.5284,yfinance.Ticker.fast_info.market_cap,success,
MCK,91013696027.02386,yfinance.Ticker.fast_info.market_cap,success,
MCO,78662037979.03119,yfinance.Ticker.fast_info.market_cap,success,
MDLZ,80086908117.26236,yfinance.Ticker.fast_info.market_cap,success,
MDT,97061701319.34702,yfinance.Ticker.fast_info.market_cap,success,
MEDP,12798167695.228394,yfinance.Ticker.fast_info.market_cap,success,
MET,52726426658.79368,yfinance.Ticker.fast_info.market_cap,success,
META,1612634885022.257,yfinance.Ticker.fast_info.market_cap,success,
MGM,10981134537.722397,yfinance.Ticker.fast_info.market_cap,success,
MIDD,6968006006.156738,yfinance.Ticker.fast_info.market_cap,success,
MKC,12581861320.88892,yfinance.Ticker.fast_info.market_cap,success,
MKSI,21844447007.243988,yfinance.Ticker.fast_info.market_cap,success,
MLI,14140323079.709312,yfinance.Ticker.fast_info.market_cap,success,
MLM,34509281031.06079,yfinance.Ticker.fast_info.market_cap,success,
MMM,79705912646.09271,yfinance.Ticker.fast_info.market_cap,success,
MMS,3304263397.001908,yfinance.Ticker.fast_info.market_cap,success,
MNST,86054931509.64928,yfinance.Ticker.fast_info.market_cap,success,
MO,120182074221.39143,yfinance.Ticker.fast_info.market_cap,success,
MOH,9274581468.200684,yfinance.Ticker.fast_info.market_cap,success,
MORN,6849226345.19046,yfinance.Ticker.fast_info.market_cap,success,
MOS,7642622579.229774,yfinance.Ticker.fast_info.market_cap,success,
MP,11899003062.38324,yfinance.Ticker.fast_info.market_cap,success,
MPC,73337404038.3738,yfinance.Ticker.fast_info.market_cap,success,
MPWR,80236447145.39099,yfinance.Ticker.fast_info.market_cap,success,
MRK,296008452369.09705,yfinance.Ticker.fast_info.market_cap,success,
MRNA,18875122219.540443,yfinance.Ticker.fast_info.market_cap,success,
MRSH,76846222909.5,yfinance.Ticker.fast_info.market_cap,success,
MS,321387545647.63574,yfinance.Ticker.fast_info.market_cap,success,
MSA,6574662303.341736,yfinance.Ticker.fast_info.market_cap,success,
MSCI,45589289269.62402,yfinance.Ticker.fast_info.market_cap,success,
MSFT,3171867261717.6523,yfinance.Ticker.fast_info.market_cap,success,
MSI,68292242998.51398,yfinance.Ticker.fast_info.market_cap,success,
MSM,6129770037.606354,yfinance.Ticker.fast_info.market_cap,success,
MTB,31372924578.1192,yfinance.Ticker.fast_info.market_cap,success,
MTCH,8481571027.734589,yfinance.Ticker.fast_info.market_cap,success,
MTD,23534884134.67456,yfinance.Ticker.fast_info.market_cap,success,
MTDR,6686997334.469063,yfinance.Ticker.fast_info.market_cap,success,
MTG,5396174058.936584,yfinance.Ticker.fast_info.market_cap,success,
MTN,4778392356.586884,yfinance.Ticker.fast_info.market_cap,success,
MTSI,29838513974.25653,yfinance.Ticker.fast_info.market_cap,success,
MTZ,30316259484.334595,yfinance.Ticker.fast_info.market_cap,success,
MU,1041484972805.5756,yfinance.Ticker.fast_info.market_cap,success,
MUR,5188537859.573181,yfinance.Ticker.fast_info.market_cap,success,
MUSA,9445723872.716677,yfinance.Ticker.fast_info.market_cap,success,
MZTI,3132184391.294586,yfinance.Ticker.fast_info.market_cap,success,
NBIX,15725011779.99916,yfinance.Ticker.fast_info.market_cap,success,
NCLH,8392533674.445915,yfinance.Ticker.fast_info.market_cap,success,
NDAQ,51464212618.0,yfinance.Ticker.fast_info.market_cap,success,
NDSN,16053454905.699709,yfinance.Ticker.fast_info.market_cap,success,
NEE,182000350292.9175,yfinance.Ticker.fast_info.market_cap,success,
NEM,115551908894.82126,yfinance.Ticker.fast_info.market_cap,success,
NEU,7223617962.081787,yfinance.Ticker.fast_info.market_cap,success,
NFG,7424637656.25,yfinance.Ticker.fast_info.market_cap,success,
NFLX,363644563448.14746,yfinance.Ticker.fast_info.market_cap,success,
NI,22418578291.477142,yfinance.Ticker.fast_info.market_cap,success,
NJR,5606698018.81382,yfinance.Ticker.fast_info.market_cap,success,
NKE,70134810786.74171,yfinance.Ticker.fast_info.market_cap,success,
NLY,15816974232.088326,yfinance.Ticker.fast_info.market_cap,success,
NNN,8533581892.246296,yfinance.Ticker.fast_info.market_cap,success,
NOC,79385347978.59009,yfinance.Ticker.fast_info.market_cap,success,
NOK,85384860571.35855,yfinance.Ticker.fast_info.market_cap,success,
NOV,7276463795.09491,yfinance.Ticker.fast_info.market_cap,success,
NOVT,5674037400.34726,yfinance.Ticker.fast_info.market_cap,success,
NOW,112123807018.9209,yfinance.Ticker.fast_info.market_cap,success,
NRG,29008530919.28329,yfinance.Ticker.fast_info.market_cap,success,
NSA,3351024050.0169754,yfinance.Ticker.fast_info.market_cap,success,
NSC,69143505857.90881,yfinance.Ticker.fast_info.market_cap,success,
NSRGY,262083494230.0415,yfinance.Ticker.fast_info.market_cap,success,
NTAP,28203792346.33557,yfinance.Ticker.fast_info.market_cap,success,
NTNX,13146919495.554403,yfinance.Ticker.fast_info.market_cap,success,
NTRS,31152707013.73883,yfinance.Ticker.fast_info.market_cap,success,
NUE,56792214821.17996,yfinance.Ticker.fast_info.market_cap,success,
NVDA,5189349250000.0,yfinance.Ticker.fast_info.market_cap,success,
NVO,201524522586.2023,yfinance.Ticker.fast_info.market_cap,success,
NVR,16631120912.121094,yfinance.Ticker.fast_info.market_cap,success,
NVS,288885111854.9309,yfinance.Ticker.fast_info.market_cap,success,
NVST,3852583452.873448,yfinance.Ticker.fast_info.market_cap,success,
NVT,26669320331.557983,yfinance.Ticker.fast_info.market_cap,success,
NWE,4359688005.143188,yfinance.Ticker.fast_info.market_cap,success,
NWS,16558560062.23738,yfinance.Ticker.fast_info.market_cap,success,
NWSA,14473731648.712145,yfinance.Ticker.fast_info.market_cap,success,
NXPI,83386147663.92776,yfinance.Ticker.fast_info.market_cap,success,
NXST,5678415226.65802,yfinance.Ticker.fast_info.market_cap,success,
NXT,20613149049.079224,yfinance.Ticker.fast_info.market_cap,success,
NYT,12129991058.232603,yfinance.Ticker.fast_info.market_cap,success,
O,57544113172.57759,yfinance.Ticker.fast_info.market_cap,success,
OC,10003227884.48117,yfinance.Ticker.fast_info.market_cap,success,
ODFL,45931875110.31377,yfinance.Ticker.fast_info.market_cap,success,
OGE,9778015549.411556,yfinance.Ticker.fast_info.market_cap,success,
OGS,4963574864.844185,yfinance.Ticker.fast_info.market_cap,success,
OHI,14008606352.645874,yfinance.Ticker.fast_info.market_cap,success,
OKE,54831758340.47693,yfinance.Ticker.fast_info.market_cap,success,
OKTA,16608815105.565948,yfinance.Ticker.fast_info.market_cap,success,
OLED,4401596458.986198,yfinance.Ticker.fast_info.market_cap,success,
OLLI,5006983262.297073,yfinance.Ticker.fast_info.market_cap,success,
OLN,3047904324.5091305,yfinance.Ticker.fast_info.market_cap,success,
OMC,21118958688.715057,yfinance.Ticker.fast_info.market_cap,success,
ON,48122169644.88351,yfinance.Ticker.fast_info.market_cap,success,
ONB,9272952000.0,yfinance.Ticker.fast_info.market_cap,success,
ONTO,12883583853.0,yfinance.Ticker.fast_info.market_cap,success,
OPCH,3388653524.339752,yfinance.Ticker.fast_info.market_cap,success,
ORA,8459389038.508453,yfinance.Ticker.fast_info.market_cap,success,
ORCL,585965627838.5925,yfinance.Ticker.fast_info.market_cap,success,
ORI,9196600292.642624,yfinance.Ticker.fast_info.market_cap,success,
ORLY,73946249281.11148,yfinance.Ticker.fast_info.market_cap,success,
OSK,8082600490.119751,yfinance.Ticker.fast_info.market_cap,success,
OTIS,27322503894.18512,yfinance.Ticker.fast_info.market_cap,success,
OVV,15680837721.399822,yfinance.Ticker.fast_info.market_cap,success,
OXY,57007486521.892105,yfinance.Ticker.fast_info.market_cap,success,
OZK,5281445149.101734,yfinance.Ticker.fast_info.market_cap,success,
PAG,11055914626.875,yfinance.Ticker.fast_info.market_cap,success,
PANW,209051461090.0879,yfinance.Ticker.fast_info.market_cap,success,
PATH,6013723611.16172,yfinance.Ticker.fast_info.market_cap,success,
PAYC,6380451919.566467,yfinance.Ticker.fast_info.market_cap,success,
PAYX,34220362809.701897,yfinance.Ticker.fast_info.market_cap,success,
PB,6991247010.701592,yfinance.Ticker.fast_info.market_cap,success,
PBF,4707493691.924629,yfinance.Ticker.fast_info.market_cap,success,
PCAR,59059841260.819244,yfinance.Ticker.fast_info.market_cap,success,
PCG,35918284137.56511,yfinance.Ticker.fast_info.market_cap,success,
PCTY,5936965003.976852,yfinance.Ticker.fast_info.market_cap,success,
PDD,118184606502.31548,yfinance.Ticker.fast_info.market_cap,success,
PEG,39434665211.79936,yfinance.Ticker.fast_info.market_cap,success,
PEGA,5655207191.339886,yfinance.Ticker.fast_info.market_cap,success,
PEN,12547510771.39206,yfinance.Ticker.fast_info.market_cap,success,
PEP,199969784738.6799,yfinance.Ticker.fast_info.market_cap,success,
PFE,148983467098.99536,yfinance.Ticker.fast_info.market_cap,success,
PFG,22318399448.95825,yfinance.Ticker.fast_info.market_cap,success,
PFGC,15265991768.120018,yfinance.Ticker.fast_info.market_cap,success,
PG,339742576677.5597,yfinance.Ticker.fast_info.market_cap,success,
PGR,113502422492.98096,yfinance.Ticker.fast_info.market_cap,success,
PH,107531519380.86908,yfinance.Ticker.fast_info.market_cap,success,
PHM,22479294924.45275,yfinance.Ticker.fast_info.market_cap,success,
PII,3984164834.4610977,yfinance.Ticker.fast_info.market_cap,success,
PINS,11564448272.334677,yfinance.Ticker.fast_info.market_cap,success,
PK,2452587211.750756,yfinance.Ticker.fast_info.market_cap,success,
PKG,19428850747.294006,yfinance.Ticker.fast_info.market_cap,success,
PLD,135757736749.05396,yfinance.Ticker.fast_info.market_cap,success,
PLNT,4185799852.8376846,yfinance.Ticker.fast_info.market_cap,success,
PLTR,343630690003.9613,yfinance.Ticker.fast_info.market_cap,success,
PM,278327275100.4418,yfinance.Ticker.fast_info.market_cap,success,
PNC,88247841322.4596,yfinance.Ticker.fast_info.market_cap,success,
PNFP,14649804962.258606,yfinance.Ticker.fast_info.market_cap,success,
PNR,11533787905.032875,yfinance.Ticker.fast_info.market_cap,success,
PNW,12215666702.63388,yfinance.Ticker.fast_info.market_cap,success,
PODD,9880605323.34198,yfinance.Ticker.fast_info.market_cap,success,
POOL,6731022542.884781,yfinance.Ticker.fast_info.market_cap,success,
POR,5860567686.404007,yfinance.Ticker.fast_info.market_cap,success,
POST,4366831091.943222,yfinance.Ticker.fast_info.market_cap,success,
PPC,6790292413.964043,yfinance.Ticker.fast_info.market_cap,success,
PPG,25152035183.71582,yfinance.Ticker.fast_info.market_cap,success,
PPL,26569252000.834007,yfinance.Ticker.fast_info.market_cap,success,
PR,16176406300.159945,yfinance.Ticker.fast_info.market_cap,success,
PRI,8351701250.958496,yfinance.Ticker.fast_info.market_cap,success,
PRU,34951324563.4531,yfinance.Ticker.fast_info.market_cap,success,
PSA,54291031555.35681,yfinance.Ticker.fast_info.market_cap,success,
PSKY,12098261226.603704,yfinance.Ticker.fast_info.market_cap,success,
PSN,6292476572.572746,yfinance.Ticker.fast_info.market_cap,success,
PSTG,22405251054.0,yfinance.Ticker.fast_info.market_cap,success,
PSX,70869271932.79816,yfinance.Ticker.fast_info.market_cap,success,
PTC,16031047957.39946,yfinance.Ticker.fast_info.market_cap,success,
PVH,4460889216.479317,yfinance.Ticker.fast_info.market_cap,success,
PWR,109510899933.51344,yfinance.Ticker.fast_info.market_cap,success,
PYPL,39218409411.1883,yfinance.Ticker.fast_info.market_cap,success,
QCOM,256427652923.584,yfinance.Ticker.fast_info.market_cap,success,
QLYS,3534731089.3163986,yfinance.Ticker.fast_info.market_cap,success,
R,9624004029.85611,yfinance.Ticker.fast_info.market_cap,success,
RBA,19727306886.291504,yfinance.Ticker.fast_info.market_cap,success,
RBC,18280491425.80237,yfinance.Ticker.fast_info.market_cap,success,
RCL,75569296004.58197,yfinance.Ticker.fast_info.market_cap,success,
REG,14376759336.156237,yfinance.Ticker.fast_info.market_cap,success,
REGN,65159557216.27734,yfinance.Ticker.fast_info.market_cap,success,
REXR,8125852284.0,yfinance.Ticker.fast_info.market_cap,success,
RF,23753818658.9377,yfinance.Ticker.fast_info.market_cap,success,
RGA,13390890117.339386,yfinance.Ticker.fast_info.market_cap,success,
RGEN,6922922119.557037,yfinance.Ticker.fast_info.market_cap,success,
RGLD,18898094311.77844,yfinance.Ticker.fast_info.market_cap,success,
RH,2815647581.002228,yfinance.Ticker.fast_info.market_cap,success,
RHHBY,336858447109.19226,yfinance.Ticker.fast_info.market_cap,success,
RJF,27686058700.998657,yfinance.Ticker.fast_info.market_cap,success,
RL,22066874952.55389,yfinance.Ticker.fast_info.market_cap,success,
RLI,4734824046.5,yfinance.Ticker.fast_info.market_cap,success,
RMBS,16006434317.350967,yfinance.Ticker.fast_info.market_cap,success,
RMD,29495764591.347656,yfinance.Ticker.fast_info.market_cap,success,
RNR,12179833587.374573,yfinance.Ticker.fast_info.market_cap,success,
ROIV,21491798500.16427,yfinance.Ticker.fast_info.market_cap,success,
ROK,50608506292.26508,yfinance.Ticker.fast_info.market_cap,success,
ROL,23789037346.53473,yfinance.Ticker.fast_info.market_cap,success,
ROP,32268325540.25,yfinance.Ticker.fast_info.market_cap,success,
ROST,73486686654.52441,yfinance.Ticker.fast_info.market_cap,success,
RPM,13690009784.588806,yfinance.Ticker.fast_info.market_cap,success,
RRC,9283517009.53102,yfinance.Ticker.fast_info.market_cap,success,
RRX,13507632301.215055,yfinance.Ticker.fast_info.market_cap,success,
RS,19290215742.62036,yfinance.Ticker.fast_info.market_cap,success,
RSG,62677328179.20651,yfinance.Ticker.fast_info.market_cap,success,
RTX,241002475316.33368,yfinance.Ticker.fast_info.market_cap,success,
RVTY,11289848687.146591,yfinance.Ticker.fast_info.market_cap,success,
RYAN,4115792161.971618,yfinance.Ticker.fast_info.market_cap,success,
RYN,6351781602.157114,yfinance.Ticker.fast_info.market_cap,success,
SAIA,12481887594.308657,yfinance.Ticker.fast_info.market_cap,success,
SAIC,4469717400.361954,yfinance.Ticker.fast_info.market_cap,success,
SAM,1881917250.9517207,yfinance.Ticker.fast_info.market_cap,success,
SAN,178924213765.52167,yfinance.Ticker.fast_info.market_cap,success,
SAP,206749350642.27463,yfinance.Ticker.fast_info.market_cap,success,
SATS,37985855994.81738,yfinance.Ticker.fast_info.market_cap,success,
SBAC,21702614020.65417,yfinance.Ticker.fast_info.market_cap,success,
SBRA,5114415299.765196,yfinance.Ticker.fast_info.market_cap,success,
SBUX,114824775000.0,yfinance.Ticker.fast_info.market_cap,success,
SCHW,148470003009.26834,yfinance.Ticker.fast_info.market_cap,success,
SCI,10525118087.694883,yfinance.Ticker.fast_info.market_cap,success,
SE,56311828448.00354,yfinance.Ticker.fast_info.market_cap,success,
SEIC,10656185490.078005,yfinance.Ticker.fast_info.market_cap,success,
SF,10788746694.657028,yfinance.Ticker.fast_info.market_cap,success,
SFM,8152700683.290344,yfinance.Ticker.fast_info.market_cap,success,
SGI,15009907057.021729,yfinance.Ticker.fast_info.market_cap,success,
SHC,4491380155.5,yfinance.Ticker.fast_info.market_cap,success,
SHEL,233164384744.2572,yfinance.Ticker.fast_info.market_cap,success,
SHW,75263327007.56662,yfinance.Ticker.fast_info.market_cap,success,
SIGI,5226010455.612183,yfinance.Ticker.fast_info.market_cap,success,
SJM,11121820337.472809,yfinance.Ticker.fast_info.market_cap,success,
SLAB,7203560082.213043,yfinance.Ticker.fast_info.market_cap,success,
SLB,82400105495.41965,yfinance.Ticker.fast_info.market_cap,success,
SLGN,4013717160.463646,yfinance.Ticker.fast_info.market_cap,success,
SLM,4126414572.32646,yfinance.Ticker.fast_info.market_cap,success,
SMCI,24838582847.754112,yfinance.Ticker.fast_info.market_cap,success,
SMG,3517679857.752846,yfinance.Ticker.fast_info.market_cap,success,
SNA,19407587513.2262,yfinance.Ticker.fast_info.market_cap,success,
SNPS,92072375463.36438,yfinance.Ticker.fast_info.market_cap,success,
SNX,19869164222.808228,yfinance.Ticker.fast_info.market_cap,success,
SNY,105852932114.50684,yfinance.Ticker.fast_info.market_cap,success,
SO,104286626984.15495,yfinance.Ticker.fast_info.market_cap,success,
SONY,128293548752.03358,yfinance.Ticker.fast_info.market_cap,success,
SPG,67076124210.49487,yfinance.Ticker.fast_info.market_cap,success,
SPGI,123668796386.71877,yfinance.Ticker.fast_info.market_cap,success,
SPXC,10705864988.417084,yfinance.Ticker.fast_info.market_cap,success,
SR,4945711035.212158,yfinance.Ticker.fast_info.market_cap,success,
SRE,58858252340.31111,yfinance.Ticker.fast_info.market_cap,success,
SSB,9209119863.887764,yfinance.Ticker.fast_info.market_cap,success,
SSD,7868938755.782318,yfinance.Ticker.fast_info.market_cap,success,
ST,7328320709.1753235,yfinance.Ticker.fast_info.market_cap,success,
STAG,7260056171.754608,yfinance.Ticker.fast_info.market_cap,success,
STE,21139884208.60582,yfinance.Ticker.fast_info.market_cap,success,
STLA,23716102272.367645,yfinance.Ticker.fast_info.market_cap,success,
STLD,37603482645.75,yfinance.Ticker.fast_info.market_cap,success,
STRL,25867032458.09192,yfinance.Ticker.fast_info.market_cap,success,
STT,43621252240.05519,yfinance.Ticker.fast_info.market_cap,success,
STWD,6337946549.57716,yfinance.Ticker.fast_info.market_cap,success,
STX,197482951265.03125,yfinance.Ticker.fast_info.market_cap,success,
STZ,24467679545.42038,yfinance.Ticker.fast_info.market_cap,success,
SW,21518760480.12506,yfinance.Ticker.fast_info.market_cap,success,
SWK,12322962036.425997,yfinance.Ticker.fast_info.market_cap,success,
SWKS,12244549998.633087,yfinance.Ticker.fast_info.market_cap,success,
SWX,6274177917.066467,yfinance.Ticker.fast_info.market_cap,success,
SYF,24038698112.705383,yfinance.Ticker.fast_info.market_cap,success,
SYK,117891097318.51288,yfinance.Ticker.fast_info.market_cap,success,
SYNA,5535234540.856857,yfinance.Ticker.fast_info.market_cap,success,
SYY,36308405571.36975,yfinance.Ticker.fast_info.market_cap,success,
T,172805192657.72803,yfinance.Ticker.fast_info.market_cap,success,
TAP,7608958617.963867,yfinance.Ticker.fast_info.market_cap,success,
TCBI,4355302893.070442,yfinance.Ticker.fast_info.market_cap,success,
TDG,70783812729.90088,yfinance.Ticker.fast_info.market_cap,success,
TDY,29374989383.358765,yfinance.Ticker.fast_info.market_cap,success,
TECH,7959955324.730495,yfinance.Ticker.fast_info.market_cap,success,
TEL,61397361292.70566,yfinance.Ticker.fast_info.market_cap,success,
TER,59900857333.84247,yfinance.Ticker.fast_info.market_cap,success,
TEX,6764134077.814453,yfinance.Ticker.fast_info.market_cap,success,
TFC,59534340965.768906,yfinance.Ticker.fast_info.market_cap,success,
TGT,58425346369.19228,yfinance.Ticker.fast_info.market_cap,success,
THC,14919359242.721558,yfinance.Ticker.fast_info.market_cap,success,
THG,6555474109.356079,yfinance.Ticker.fast_info.market_cap,success,
THO,4228187021.76799,yfinance.Ticker.fast_info.market_cap,success,
TJX,171268518452.9237,yfinance.Ticker.fast_info.market_cap,success,
TKO,15028769497.823273,yfinance.Ticker.fast_info.market_cap,success,
TKR,8811904080.080414,yfinance.Ticker.fast_info.market_cap,success,
TM,250110624288.55392,yfinance.Ticker.fast_info.market_cap,success,
TMHC,5486071956.927429,yfinance.Ticker.fast_info.market_cap,success,
TMO,181120871426.258,yfinance.Ticker.fast_info.market_cap,success,
TMUS,204547507615.442,yfinance.Ticker.fast_info.market_cap,success,
TNL,4264219423.5863647,yfinance.Ticker.fast_info.market_cap,success,
TOL,12933556342.773438,yfinance.Ticker.fast_info.market_cap,success,
TPL,27680127933.5954,yfinance.Ticker.fast_info.market_cap,success,
TPR,29379322602.64984,yfinance.Ticker.fast_info.market_cap,success,
TREX,4404267058.895248,yfinance.Ticker.fast_info.market_cap,success,
TRGP,56273194931.69132,yfinance.Ticker.fast_info.market_cap,success,
TRMB,12802484196.64006,yfinance.Ticker.fast_info.market_cap,success,
TROW,22187307705.18979,yfinance.Ticker.fast_info.market_cap,success,
TRU,13812191882.32422,yfinance.Ticker.fast_info.market_cap,success,
TRV,62594088716.56751,yfinance.Ticker.fast_info.market_cap,success,
TSCO,16451984894.055634,yfinance.Ticker.fast_info.market_cap,success,
TSLA,1660405546292.2192,yfinance.Ticker.fast_info.market_cap,success,
TSM,2203525273189.4395,yfinance.Ticker.fast_info.market_cap,success,
TSN,21839065673.232048,yfinance.Ticker.fast_info.market_cap,success,
TT,99976758154.202,yfinance.Ticker.fast_info.market_cap,success,
TTC,8794703730.454926,yfinance.Ticker.fast_info.market_cap,success,
TTD,9942791655.817892,yfinance.Ticker.fast_info.market_cap,success,
TTE,193701897694.52075,yfinance.Ticker.fast_info.market_cap,success,
TTEK,7188834360.301632,yfinance.Ticker.fast_info.market_cap,success,
TTMI,19502001882.374496,yfinance.Ticker.fast_info.market_cap,success,
TTWO,40451194961.2345,yfinance.Ticker.fast_info.market_cap,success,
TWLO,28018972387.235413,yfinance.Ticker.fast_info.market_cap,success,
TXN,287543828425.98114,yfinance.Ticker.fast_info.market_cap,success,
TXNM,6577671776.010521,yfinance.Ticker.fast_info.market_cap,success,
TXRH,11854336466.431732,yfinance.Ticker.fast_info.market_cap,success,
TXT,15978658357.956589,yfinance.Ticker.fast_info.market_cap,success,
TYL,12594152399.375,yfinance.Ticker.fast_info.market_cap,success,
UAL,37344992111.27344,yfinance.Ticker.fast_info.market_cap,success,
UBER,144313785193.26428,yfinance.Ticker.fast_info.market_cap,success,
UBSI,5963922806.988831,yfinance.Ticker.fast_info.market_cap,success,
UDR,12314303744.48194,yfinance.Ticker.fast_info.market_cap,success,
UFPI,4603703667.954788,yfinance.Ticker.fast_info.market_cap,success,
UGI,7420166503.175537,yfinance.Ticker.fast_info.market_cap,success,
UHS,9085295668.92537,yfinance.Ticker.fast_info.market_cap,success,
UL,123505836019.68517,yfinance.Ticker.fast_info.market_cap,success,
ULTA,22749609682.438843,yfinance.Ticker.fast_info.market_cap,success,
UMBF,9976766456.87506,yfinance.Ticker.fast_info.market_cap,success,
UNH,347324355837.49817,yfinance.Ticker.fast_info.market_cap,success,
UNM,13170355099.809835,yfinance.Ticker.fast_info.market_cap,success,
UNP,158515484940.8894,yfinance.Ticker.fast_info.market_cap,success,
UPS,90654870031.06984,yfinance.Ticker.fast_info.market_cap,success,
URI,61948046359.99304,yfinance.Ticker.fast_info.market_cap,success,
USB,84507195986.04071,yfinance.Ticker.fast_info.market_cap,success,
USFD,17870987720.43158,yfinance.Ticker.fast_info.market_cap,success,
UTHR,23858885291.89691,yfinance.Ticker.fast_info.market_cap,success,
V,618009685007.4646,yfinance.Ticker.fast_info.market_cap,success,
VAL,6413753456.762238,yfinance.Ticker.fast_info.market_cap,success,
VALE,70597777703.63176,yfinance.Ticker.fast_info.market_cap,success,
VC,3179791854.8373184,yfinance.Ticker.fast_info.market_cap,success,
VFC,7028348716.927595,yfinance.Ticker.fast_info.market_cap,success,
VICI,30472878470.581913,yfinance.Ticker.fast_info.market_cap,success,
VLO,72745563893.28049,yfinance.Ticker.fast_info.market_cap,success,
VLY,7602684026.129068,yfinance.Ticker.fast_info.market_cap,success,
VMC,35920043072.23587,yfinance.Ticker.fast_info.market_cap,success,
VMI,10187702014.442871,yfinance.Ticker.fast_info.market_cap,success,
VNO,6368990132.965759,yfinance.Ticker.fast_info.market_cap,success,
VNOM,8739675675.0,yfinance.Ticker.fast_info.market_cap,success,
VNT,4066303881.8359375,yfinance.Ticker.fast_info.market_cap,success,
VOYA,7264185406.822472,yfinance.Ticker.fast_info.market_cap,success,
VRSK,22643195348.432617,yfinance.Ticker.fast_info.market_cap,success,
VRSN,26948741333.007812,yfinance.Ticker.fast_info.market_cap,success,
VRTX,113697212963.31107,yfinance.Ticker.fast_info.market_cap,success,
VST,54043605559.44031,yfinance.Ticker.fast_info.market_cap,success,
VTR,41718222743.6922,yfinance.Ticker.fast_info.market_cap,success,
VTRS,18760943966.726532,yfinance.Ticker.fast_info.market_cap,success,
VVV,4359183219.140923,yfinance.Ticker.fast_info.market_cap,success,
VWAGY,55042217582.6524,yfinance.Ticker.fast_info.market_cap,success,
VZ,200552089350.1822,yfinance.Ticker.fast_info.market_cap,success,
WAB,44336688438.543335,yfinance.Ticker.fast_info.market_cap,success,
WAL,8588520817.44873,yfinance.Ticker.fast_info.market_cap,success,
WAT,36014570415.4422,yfinance.Ticker.fast_info.market_cap,success,
WBD,67792978717.432205,yfinance.Ticker.fast_info.market_cap,success,
WBS,11772845938.038757,yfinance.Ticker.fast_info.market_cap,success,
WCC,17732476425.363647,yfinance.Ticker.fast_info.market_cap,success,
WDAY,32109020648.12416,yfinance.Ticker.fast_info.market_cap,success,
WDC,183088251820.05267,yfinance.Ticker.fast_info.market_cap,success,
WEC,36377043818.44359,yfinance.Ticker.fast_info.market_cap,success,
WELL,148527928990.53802,yfinance.Ticker.fast_info.market_cap,success,
WEX,5005733146.610245,yfinance.Ticker.fast_info.market_cap,success,
WFC,234532920952.36856,yfinance.Ticker.fast_info.market_cap,success,
WFRD,7471603290.611176,yfinance.Ticker.fast_info.market_cap,success,
WH,6184973228.450455,yfinance.Ticker.fast_info.market_cap,success,
WHR,2857403292.3746796,yfinance.Ticker.fast_info.market_cap,success,
WING,4292122694.9514313,yfinance.Ticker.fast_info.market_cap,success,
WIT,26016105169.44783,yfinance.Ticker.fast_info.market_cap,success,
WLK,11231898003.060059,yfinance.Ticker.fast_info.market_cap,success,
WM,86091815386.59851,yfinance.Ticker.fast_info.market_cap,success,
WMB,89437859760.38495,yfinance.Ticker.fast_info.market_cap,success,
WMG,16874261534.877869,yfinance.Ticker.fast_info.market_cap,success,
WMS,10726845786.60907,yfinance.Ticker.fast_info.market_cap,success,
WMT,947750784396.2662,yfinance.Ticker.fast_info.market_cap,success,
WPC,16525014743.746643,yfinance.Ticker.fast_info.market_cap,success,
WRB,23937395003.698425,yfinance.Ticker.fast_info.market_cap,success,
WSM,24205171685.671936,yfinance.Ticker.fast_info.market_cap,success,
WSO,14849757321.11377,yfinance.Ticker.fast_info.market_cap,success,
WST,22734748791.53656,yfinance.Ticker.fast_info.market_cap,success,
WTFC,10163702516.307373,yfinance.Ticker.fast_info.market_cap,success,
WTRG,10406493756.759373,yfinance.Ticker.fast_info.market_cap,success,
WTS,10384466927.108765,yfinance.Ticker.fast_info.market_cap,success,
WTW,23801833912.941772,yfinance.Ticker.fast_info.market_cap,success,
WWD,21149531831.429108,yfinance.Ticker.fast_info.market_cap,success,
WY,17719622666.286854,yfinance.Ticker.fast_info.market_cap,success,
WYNN,10538504557.679588,yfinance.Ticker.fast_info.market_cap,success,
XEL,49479606659.183655,yfinance.Ticker.fast_info.market_cap,success,
XOM,609348659516.7452,yfinance.Ticker.fast_info.market_cap,success,
XPO,25122213777.89273,yfinance.Ticker.fast_info.market_cap,success,
XRAY,2061361560.4281435,yfinance.Ticker.fast_info.market_cap,success,
XYL,25975144624.88681,yfinance.Ticker.fast_info.market_cap,success,
XYZ,44263612604.71344,yfinance.Ticker.fast_info.market_cap,success,
YETI,3539428943.0384216,yfinance.Ticker.fast_info.market_cap,success,
YUM,41355582749.412506,yfinance.Ticker.fast_info.market_cap,success,
ZBH,16028366338.49968,yfinance.Ticker.fast_info.market_cap,success,
ZBRA,11808317586.068848,yfinance.Ticker.fast_info.market_cap,success,
ZION,9154994936.96873,yfinance.Ticker.fast_info.market_cap,success,
ZTS,32813824582.65399,yfinance.Ticker.fast_info.market_cap,success,
