split,sector,num_episodes,small_group_warning,preferred_mean_final_after_tax_value,hold_to_terminal_mean_final_after_tax_value,sell_immediately_mean_final_after_tax_value,sell_half_then_hold_mean_final_after_tax_value,preferred_minus_hold_mean,preferred_minus_sell_immediately_mean,preferred_minus_sell_half_mean,preferred_win_rate_vs_hold,preferred_win_rate_vs_sell_immediately,preferred_win_rate_vs_sell_half,preferred_mean_tax_paid,preferred_median_tax_paid,preferred_mean_effective_tax_rate,preferred_mean_short_term_sold_fraction,preferred_mean_long_term_sold_fraction,preferred_no_cut_pct,preferred_discretionary_sale_pct,preferred_average_days_to_first_sale,preferred_median_days_to_first_sale,preferred_median_EAAT_Sharpe,hold_to_terminal_median_EAAT_Sharpe,sell_immediately_median_EAAT_Sharpe,sell_half_then_hold_median_EAAT_Sharpe,preferred_median_TA_EAAT_Sharpe,hold_to_terminal_median_TA_EAAT_Sharpe,sell_immediately_median_TA_EAAT_Sharpe,sell_half_then_hold_median_TA_EAAT_Sharpe,preferred_minus_hold_median_EAAT_Sharpe,preferred_EAAT_Sharpe_win_rate_vs_hold,preferred_minus_hold_median_TA_EAAT_Sharpe,preferred_TA_EAAT_Sharpe_win_rate_vs_hold,preferred_minus_sell_immediately_median_EAAT_Sharpe,preferred_minus_sell_half_median_EAAT_Sharpe,preferred_minus_sell_immediately_median_TA_EAAT_Sharpe,preferred_minus_sell_half_median_TA_EAAT_Sharpe
test,Basic Materials,64,False,0.4285795712527277,0.5231985023161395,0.34376247012240263,0.43348048621927104,-0.09461893106341185,0.08481710113032506,-0.004900914966543369,0.09375,0.625,0.53125,0.06579369392049282,0.0585445954501479,0.1364296798927182,0.41796875,0.58203125,0.546875,0.453125,75.41379310344827,59.0,1.3574175779052757,1.3574454875512192,1.424125304765298,1.4660971366629898,1.6430397614907513,1.3574454875512192,2.5060270688921804,2.028614624879125,0.0,0.203125,0.0,0.3125,-0.01702427318664168,-0.07844047624276862,-0.4841060233582205,-0.14157607547999124
test,Communication Services,47,False,0.5460408471916914,0.6171987240630844,0.47385274707660247,0.5455257355698434,-0.07115787687139305,0.072188100115089,0.0005151116218479769,0.06382978723404255,0.6170212765957447,0.48936170212765956,0.07971766677342138,0.0629953207860016,0.1421509038420855,0.44680851063829785,0.5531914893617021,0.5319148936170213,0.46808510638297873,70.72727272727273,67.0,1.55362910316011,1.619980607399334,1.7143898299631508,1.7749235820032736,1.7335691136079,1.619980607399334,2.108431399085989,2.108469901281167,0.0,0.1702127659574468,0.0,0.2553191489361702,0.022699007067508603,-0.09406598937024946,-0.2668712781544027,-0.14035706966654926
test,Utilities,53,False,0.3766370081719527,0.4390676336542056,0.3077653674088174,0.37341650053151154,-0.06243062548225282,0.06887164076313551,0.0032205076404413398,0.018867924528301886,0.7924528301886793,0.5849056603773585,0.060125424448385645,0.0517921538858187,0.14250330634287045,0.4528301886792453,0.5471698113207547,0.5094339622641509,0.49056603773584906,48.0,38.5,1.5473205128210998,1.670976977843369,1.4108421321905984,1.6028610000242212,1.5846556273915773,1.670976977843369,1.679711576538044,1.707885929132786,0.0,0.07547169811320754,0.0,0.1320754716981132,0.12391548742628,0.003782484069905001,-0.06771891011541209,-0.03183903116488529
test,Real Estate,81,False,0.31425102954232903,0.3764962167285414,0.30034787933574025,0.3384220480321408,-0.062245187186212456,0.013903150206588763,-0.024171018489811853,0.07407407407407407,0.5679012345679012,0.4074074074074074,0.05505830204310421,0.0469439604313272,0.1471132393414104,0.5185185185185185,0.48148148148148145,0.4567901234567901,0.5432098765432098,95.04545454545455,70.5,1.2509503798543902,1.486204780850403,1.4711000546577966,1.5056318140060934,1.3359015927927864,1.486204780850403,1.909919931327198,1.761174975206362,0.0,0.09876543209876543,0.0,0.19753086419753085,-0.09783722133103279,-0.17026976295602125,-0.5004372510094428,-0.25966239807943925
test,Financial Services,227,False,0.4541519843957716,0.5114620676320387,0.39829351798699697,0.45487779280951784,-0.05731008323626704,0.05585846640877467,-0.0007258084137461914,0.08370044052863436,0.6387665198237885,0.5066079295154186,0.07359317286272705,0.0594330787365748,0.14508258498771928,0.4812775330396476,0.5187224669603524,0.4713656387665198,0.5286343612334802,62.975,44.0,1.5397531454537925,1.6198072782989317,1.594138309535404,1.6822030421183771,1.672593627846812,1.6198072782989317,1.9088901088770076,1.851512003571573,0.0,0.1277533039647577,0.0,0.22026431718061673,0.012927399956708552,-0.032150258455927005,-0.13392962780607398,-0.0665778243846038
test,Consumer Cyclical,187,False,0.46998554519405494,0.5263851914949692,0.41932444828676013,0.47285481989086464,-0.05639964630091417,0.05066109690729474,-0.0028692746968097156,0.13903743315508021,0.5935828877005348,0.49732620320855614,0.07800934067494783,0.0577700440694125,0.13889986339768387,0.45187165775401067,0.5481283422459893,0.5187165775401069,0.48128342245989303,61.9,49.5,1.2989527514865005,1.3031574192014923,1.4844475668611483,1.4021592470467334,1.522312714490975,1.3031574192014923,2.344582347840989,1.9798519069751004,0.0,0.22459893048128343,0.0,0.3048128342245989,-0.025657204407444345,-0.0773894278479188,-0.6025717444182618,-0.22615892390119446
test,Industrials,228,False,0.4799490390554001,0.5228736366803164,0.40741449964215604,0.4651440681612362,-0.04292459762491634,0.07253453941324406,0.014804970894163865,0.08771929824561403,0.6885964912280702,0.618421052631579,0.07112080755692339,0.0595752837664523,0.13221773960056696,0.3475877192982456,0.6524122807017544,0.6008771929824561,0.3991228070175439,56.13186813186813,51.0,1.6095682990560076,1.6639042361041732,1.604743244972333,1.65029477147763,1.7482864772734266,1.6639042361041732,2.082472385168761,2.0045382537089287,0.0,0.14035087719298245,0.0,0.18421052631578946,0.08982317512885585,-0.01591735822606266,-0.24195385912188772,-0.09314686328793242
test,Technology,245,False,0.5433576589434718,0.5788945909215993,0.45567343089423273,0.5172840109079161,-0.03553693197812767,0.08768422804923899,0.026073648035555664,0.13877551020408163,0.5959183673469388,0.5387755102040817,0.08269358084172392,0.0679132066148337,0.13419968315607825,0.3989795918367347,0.6010204081632653,0.5551020408163265,0.4448979591836735,57.08256880733945,50.0,1.3906484408652076,1.4074700681082908,1.4595733010833365,1.4786405966494331,1.5534472242346815,1.4074700681082908,2.216601786460777,1.9392271112009924,0.0,0.2,0.0,0.24081632653061225,0.0,-0.015373300664843437,-0.37804651383285903,-0.1505286262589875
test,Energy,62,False,0.3896341753261624,0.41220484448271794,0.3157639772129961,0.36398441084785693,-0.022570669156555506,0.0738701981131663,0.025649764478305408,0.16129032258064516,0.7258064516129032,0.5645161290322581,0.06392155824154663,0.0544159526366747,0.13828041754469403,0.43951612903225806,0.5604838709677419,0.5483870967741935,0.45161290322580644,47.857142857142854,13.5,1.437713410958996,1.3570980761788536,1.3186446722354737,1.3848862973278533,1.4792111870631197,1.3570980761788536,1.9322306830606126,1.7005550365038298,0.0,0.24193548387096775,0.0,0.25806451612903225,0.08245694704696466,-0.034488796917984677,-0.28231440691014137,-0.10749660910246328
test,Healthcare,160,False,0.43781595228055786,0.4579303955023354,0.34807733408462405,0.40300386479347966,-0.020114443221777606,0.08973861819593379,0.03481208748707809,0.1875,0.6375,0.59375,0.06932584784616018,0.049825356812908894,0.13770920083946434,0.4328125,0.5671875,0.55,0.45,78.76388888888889,57.5,1.4361315499424339,1.2944448932330994,1.605205738841279,1.4203586031111186,1.5745330494943741,1.2944448932330994,2.6266423380016715,2.213906615911071,0.0,0.23125,0.0,0.275,-0.03426668281188677,-0.019833601726352623,-0.7922086096108429,-0.29578867747693327
test,Unknown,98,False,0.4937694517175357,0.5121695468768886,0.4150598063825404,0.46361467662971456,-0.01840009515935289,0.0787096453349953,0.03015477508782119,0.1326530612244898,0.5816326530612245,0.5510204081632653,0.07253262668239041,0.05466180915488615,0.1339056283066583,0.4005102040816326,0.5994897959183674,0.5816326530612245,0.41836734693877553,66.78048780487805,58.0,1.4005704805498709,1.3013165920992609,1.5411321800428763,1.4893196943056828,1.597548305058436,1.3013165920992609,2.2098246880059493,1.9443822834745648,0.0,0.25510204081632654,0.0,0.3163265306122449,-0.003333266374623056,2.7755575615628914e-16,-0.3600349927881282,-0.14366625872807648
test,Consumer Defensive,67,False,0.3624050431995975,0.37675380119902824,0.3691440108034529,0.37294890600124053,-0.014348757999430797,-0.00673896760385537,-0.010543862801643081,0.22388059701492538,0.5522388059701493,0.5522388059701493,0.060307727296353884,0.0492678356763378,0.14163822424440806,0.5223880597014925,0.47761194029850745,0.4626865671641791,0.5373134328358209,61.27777777777778,35.0,1.3764775078774891,1.3380419764671685,1.6369464932410804,1.4188288730206784,1.4614664540354758,1.3380419764671685,2.6896517430315723,1.8883173950031065,0.0,0.29850746268656714,0.0,0.40298507462686567,-0.14880940568149215,-0.07865400645138565,-0.5699238890163459,-0.12130687465880552
validation,Consumer Defensive,83,False,0.339343225733364,0.413074540620381,0.34542128187954707,0.37924791124996404,-0.07373131488701687,-0.006078056146183025,-0.03990468551659995,0.14457831325301204,0.5060240963855421,0.4819277108433735,0.054312763994097575,0.0454598498874341,0.13603593125823993,0.45180722891566266,0.5481927710843374,0.5180722891566265,0.4819277108433735,87.65,74.5,1.052897459263296,1.05440648908867,1.4578549058530867,1.278315243997077,1.2052987721619937,1.05440648908867,2.268556648379101,1.7384637669409764,0.0,0.18072289156626506,0.0,0.25301204819277107,-0.2566525657675267,-0.19543708429952628,-0.8270739936037326,-0.4539929333515942
validation,Industrials,240,False,0.41681958045752127,0.4797622605721169,0.36791894500853695,0.4238406027903269,-0.06294268011459564,0.04890063544898429,-0.007021022332805671,0.10833333333333334,0.6541666666666667,0.5416666666666666,0.06827148087021871,0.05977007204236645,0.1437747255762577,0.48333333333333334,0.5166666666666667,0.49583333333333335,0.5041666666666667,105.05785123966942,101.0,1.2598069190659982,1.306491348787612,1.3665504173169416,1.3745796003081758,1.3651217209788995,1.306491348787612,1.9452800966586277,1.71795962200938,0.0,0.16666666666666666,0.0,0.25,-0.05602168926858775,-0.08993424474401279,-0.3829206022857938,-0.17611912759373582
validation,Technology,238,False,0.4701710131399106,0.5224046239013059,0.4044035992842832,0.46340411159279454,-0.05223361076139526,0.0657674138556274,0.006766901547116082,0.1638655462184874,0.6218487394957983,0.5462184873949579,0.0771892745217018,0.06320096396543781,0.13971301432408936,0.48214285714285715,0.5178571428571429,0.4957983193277311,0.5042016806722689,110.70833333333333,113.0,1.186543912659248,1.2123348938466498,1.344228189086964,1.3080748949901317,1.3172406367199874,1.2123348938466498,2.284726035346888,1.8867758592880537,0.0,0.23529411764705882,0.0,0.31092436974789917,-0.07822724206516762,-0.09277869221091006,-0.6779488300588431,-0.22615651353052285
validation,Unknown,96,False,0.4347877776330397,0.48243488606108254,0.3832137603295724,0.4328243231953273,-0.047647108428042866,0.0515740173034673,0.0019634544377122227,0.10416666666666667,0.625,0.5833333333333334,0.07024359825645894,0.0580517858311904,0.1369404908073942,0.4583333333333333,0.5416666666666666,0.5208333333333334,0.4791666666666667,119.21739130434783,122.0,1.1368478628148229,1.2319096126568159,1.343423996836401,1.2452296176036106,1.2901404300955686,1.2319096126568159,2.220244650038273,1.7590771699788874,0.0,0.11458333333333333,0.0,0.19791666666666666,-0.044154943637426,-0.11084034089262224,-0.8194535753245001,-0.36070220223245203
validation,Communication Services,43,False,0.5251889903770454,0.5727995854577478,0.4535345265524663,0.513167056005107,-0.04761059508070235,0.07165446382457916,0.012021934371938409,0.13953488372093023,0.6046511627906976,0.4883720930232558,0.08068122104249671,0.0588960265568152,0.13761706834475412,0.5232558139534884,0.47674418604651164,0.46511627906976744,0.5348837209302325,139.43478260869566,135.0,0.9919600852787708,1.1639266126947068,1.2781732611359156,1.2519257131829793,1.272579515348374,1.1639266126947068,2.7350961594790295,2.0891015839359164,0.0,0.16279069767441862,0.0,0.32558139534883723,-0.10432890225212788,-0.08994594160384795,-1.1661298509739202,-0.5489748257169174
validation,Energy,85,False,0.868967567169694,0.9130864943859062,0.725587292362502,0.819336893374204,-0.04411892721621232,0.14338027480719207,0.04963067379548989,0.10588235294117647,0.6705882352941176,0.611764705882353,0.12390584171660524,0.0811837798459343,0.1344286931276856,0.36176470588235293,0.638235294117647,0.5882352941176471,0.4117647058823529,89.45714285714286,56.0,1.3540285966743126,1.5175323862578352,1.4104656008110652,1.4769682707213312,1.5050668742142757,1.5175323862578352,1.778076908134688,1.6269761939979424,0.0,0.12941176470588237,0.0,0.17647058823529413,0.06731434984708529,0.010831037928740073,-0.1857013870457429,-0.046465335962214915
validation,Consumer Cyclical,202,False,0.6317896355601953,0.6728267763944495,0.5863946697532848,0.6296107230738671,-0.04103714083425427,0.04539496580691036,0.002178912486328064,0.13861386138613863,0.5792079207920792,0.5198019801980198,0.09158999970679563,0.05677905751879625,0.1346634991493669,0.4381188118811881,0.5618811881188119,0.5445544554455446,0.45544554455445546,121.70652173913044,110.0,1.0994123002451865,1.1001923077155573,1.2871756657548592,1.131427802334343,1.2548092150433594,1.1001923077155573,2.1053904402950048,1.7516092102853462,0.0,0.18811881188118812,0.0,0.23267326732673269,-0.045469319229120675,-0.032617647397591876,-0.49033906513530645,-0.23163844098821995
validation,Basic Materials,67,False,0.4431782308557824,0.4696934265131835,0.41649803558310533,0.44309573104814454,-0.026515195657401163,0.026680195272676965,8.24998076379105e-05,0.1791044776119403,0.6119402985074627,0.5373134328358209,0.07255888310017555,0.0567266560353615,0.14091250830870752,0.48507462686567165,0.5149253731343284,0.4925373134328358,0.5074626865671642,97.97058823529412,94.0,1.0804910566402608,1.0372066430158349,1.2314536398348612,1.0952084984135375,1.148175342241639,1.0372066430158349,2.1497409982567244,1.7014554064619556,0.0,0.2537313432835821,0.0,0.29850746268656714,0.019771553995468816,-0.03434032540399057,-0.568475185345521,-0.27536551259498043
validation,Healthcare,143,False,0.4245525413502158,0.45073556988128693,0.3839233817013351,0.417329475791311,-0.026183028531071156,0.04062915964888061,0.007223065558904735,0.13986013986013987,0.5944055944055944,0.5384615384615384,0.06351721327607195,0.0488223891636271,0.13544023302531905,0.38986013986013984,0.6101398601398601,0.5734265734265734,0.42657342657342656,126.81967213114754,113.0,1.1702431507176616,1.1855344338225329,1.408807467187463,1.31863056242628,1.2562326953760885,1.1855344338225329,2.142949431601793,1.7649474079178535,0.0,0.18181818181818182,0.0,0.23776223776223776,-0.01907667020465964,-0.053014215609270776,-0.6882267886716249,-0.21505448052093024
validation,Financial Services,212,False,0.3933102163371601,0.4144922470313736,0.34634915871363536,0.38042070287250446,-0.021182030694213472,0.046961057623524836,0.012889513464655682,0.16037735849056603,0.6084905660377359,0.5518867924528302,0.06119159406236326,0.0564198406865989,0.13727192756496384,0.46462264150943394,0.535377358490566,0.5141509433962265,0.4858490566037736,115.10679611650485,118.0,1.1837016763179928,1.186187760628223,1.3798434261835326,1.257995907370073,1.3049062267160516,1.186187760628223,2.024586388246376,1.7880209557593305,0.0,0.20754716981132076,0.0,0.25943396226415094,-0.06032068004553531,-0.07887937645185517,-0.32956495810916425,-0.15256915764059176
validation,Real Estate,71,False,0.3590475075904807,0.36519564659170306,0.35803937277723713,0.3616175096844701,-0.006148139001222382,0.0010081348132434601,-0.0025700020939894695,0.09859154929577464,0.5633802816901409,0.6056338028169014,0.04708196508816638,0.0413669990842546,0.12157462315720002,0.2640845070422535,0.7359154929577465,0.704225352112676,0.29577464788732394,101.61904761904762,104.0,1.0544122475246869,1.0544122475246869,1.4401893425576298,1.203698397229132,1.075484929108545,1.0544122475246869,2.2400788434440546,1.9224753900865184,0.0,0.16901408450704225,0.0,0.19718309859154928,-0.2327206009649173,-0.113613374528994,-0.5301410559050104,-0.24968522567085838
validation,Utilities,37,False,0.2925110784852292,0.28713472113822425,0.2899797473370729,0.2885572342376485,0.0053763573470050315,0.0025313311481563977,0.003953844247580718,0.24324324324324326,0.43243243243243246,0.40540540540540543,0.04622587081913332,0.0381346955995739,0.14139862986251828,0.4391891891891892,0.5608108108108109,0.5135135135135135,0.4864864864864865,89.44444444444444,83.5,1.050790363604367,0.864905646465955,1.4961380750764113,1.1610098135902602,1.2296597956074844,0.864905646465955,2.1185183175556945,1.6827481318316948,0.0,0.2972972972972973,0.0,0.2972972972972973,-0.2748551063352156,-0.15672314652523234,-0.7608784002002515,-0.2737310749807189
