policy_name,lower_rate_suffix,higher_rate_suffix,episodes,mean_wealth_difference_higher_minus_lower,median_wealth_difference_higher_minus_lower,paired_wins_higher,paired_ties,paired_losses_higher,mean_difference_ci95_low,mean_difference_ci95_high
trained_dqn_fixed_margin,0700,1000,1519,0.0134030338359,0.00822126483838,897,106,516,0.00960598534137,0.0175572085833
trained_dqn_fixed_margin,0700,1050,1519,0.0146396717301,0.00819843814128,901,109,509,0.0104392209215,0.0194952995178
trained_dqn_fixed_margin,0700,1200,1519,0.0180643104162,0.00997588498464,883,181,455,0.0143204005536,0.0217607674849
trained_dqn_fixed_margin,0700,1375,1519,0.0157138648708,0.0098801408179,893,183,443,0.011860643935,0.0198121038813
trained_dqn_fixed_margin,0700,1500,1519,0.0316637744203,0.023030689235,1067,128,324,0.0278207827828,0.0357216833153
trained_dqn_fixed_margin,1000,1050,1519,0.0012366378942,0,753,86,680,-0.00266285876657,0.00530956339333
trained_dqn_fixed_margin,1000,1200,1519,0.00466127658031,0.00115557525893,781,109,629,0.000531659207353,0.00857919490504
trained_dqn_fixed_margin,1000,1375,1519,0.00231083103493,0.00073508216229,774,109,636,-0.00225354104687,0.00679093972037
trained_dqn_fixed_margin,1000,1500,1519,0.0182607405844,0.0105787300393,917,86,516,0.0147762620198,0.02176426861
trained_dqn_fixed_margin,1050,1200,1519,0.00342463868611,0.000249055216649,765,114,640,-0.00115742574899,0.007443321166
trained_dqn_fixed_margin,1050,1375,1519,0.00107419314074,0,753,121,645,-0.00330461977786,0.00524874777981
trained_dqn_fixed_margin,1050,1500,1519,0.0170241026902,0.00982365908019,921,102,496,0.0128145936681,0.0211767225196
trained_dqn_fixed_margin,1200,1375,1519,-0.00235044554538,0,708,195,616,-0.00595045798477,0.00143827440921
trained_dqn_fixed_margin,1200,1500,1519,0.0135994640041,0.00609711610695,860,129,530,0.00967404731109,0.0177485665588
trained_dqn_fixed_margin,1375,1500,1519,0.0159499095495,0.00432981556302,851,135,533,0.0116809504437,0.0203921219413
hold_to_terminal,0700,1000,1519,0,0,0,1519,0,0,0
hold_to_terminal,0700,1050,1519,0,0,0,1519,0,0,0
hold_to_terminal,0700,1200,1519,0,0,0,1519,0,0,0
hold_to_terminal,0700,1375,1519,0,0,0,1519,0,0,0
hold_to_terminal,0700,1500,1519,0,0,0,1519,0,0,0
hold_to_terminal,1000,1050,1519,0,0,0,1519,0,0,0
hold_to_terminal,1000,1200,1519,0,0,0,1519,0,0,0
hold_to_terminal,1000,1375,1519,0,0,0,1519,0,0,0
hold_to_terminal,1000,1500,1519,0,0,0,1519,0,0,0
hold_to_terminal,1050,1200,1519,0,0,0,1519,0,0,0
hold_to_terminal,1050,1375,1519,0,0,0,1519,0,0,0
hold_to_terminal,1050,1500,1519,0,0,0,1519,0,0,0
hold_to_terminal,1200,1375,1519,0,0,0,1519,0,0,0
hold_to_terminal,1200,1500,1519,0,0,0,1519,0,0,0
hold_to_terminal,1375,1500,1519,0,0,0,1519,0,0,0
sell_immediately,0700,1000,1519,0.00998694255112,0.0081349160661,1477,42,0,0.00957706774195,0.0103867409214
sell_immediately,0700,1050,1519,0.0116391288261,0.00947544834973,1477,42,0,0.0111611609718,0.0121055267844
sell_immediately,0700,1200,1519,0.0165750966313,0.0134715097779,1477,42,0,0.0158932814049,0.0172405015878
sell_immediately,0700,1375,1519,0.0222953741674,0.0180860859226,1477,42,0,0.0213780393602,0.0231910799505
sell_immediately,0700,1500,1519,0.0263565268346,0.021351598799,1477,42,0,0.025272032146,0.027415937075
sell_immediately,1000,1050,1519,0.00165218627496,0.00134053228363,1477,42,0,0.00158420823978,0.0017185573214
sell_immediately,1000,1200,1519,0.00658815408016,0.00533659371182,1477,42,0,0.00631706909021,0.00685297974264
sell_immediately,1000,1375,1519,0.0123084316163,0.00995116985652,1477,42,0,0.0118014140771,0.0128035581053
sell_immediately,1000,1500,1519,0.0163695842835,0.0132166827329,1477,42,0,0.0156945006224,0.0170286346468
sell_immediately,1050,1200,1519,0.00493596780519,0.00399606142818,1477,42,0,0.00473286085043,0.00513442242124
sell_immediately,1050,1375,1519,0.0106562453414,0.00861063757288,1477,42,0,0.010217078906,0.0110850007839
sell_immediately,1050,1500,1519,0.0147173980085,0.0118761504493,1477,42,0,0.0141101654513,0.0153103271734
sell_immediately,1200,1375,1519,0.00572027753616,0.0046145761447,1477,42,0,0.00548423092019,0.00595081721042
sell_immediately,1200,1500,1519,0.00978143020332,0.00788008902107,1477,42,0,0.00937756653251,0.0101762801606
sell_immediately,1375,1500,1519,0.00406115266716,0.00326551287638,1477,42,0,0.00389324445819,0.00422545662696
sell_half_then_hold,0700,1000,1519,0.00499347127556,0.00406745803305,1477,42,0,0.00478853387097,0.0051933704607
sell_half_then_hold,0700,1050,1519,0.00581956441304,0.00473772417487,1477,42,0,0.00558058048588,0.00605276339222
sell_half_then_hold,0700,1200,1519,0.00828754831564,0.00673575488896,1477,42,0,0.00794664070243,0.00862025079392
sell_half_then_hold,0700,1375,1519,0.0111476870837,0.00904304296131,1477,42,0,0.0106890196801,0.0115955399752
sell_half_then_hold,0700,1500,1519,0.0131782634173,0.0106757993995,1477,42,0,0.012636016073,0.0137079685375
sell_half_then_hold,1000,1050,1519,0.000826093137482,0.000670266141817,1477,42,0,0.000792104119889,0.000859278660698
sell_half_then_hold,1000,1200,1519,0.00329407704008,0.00266829685591,1477,42,0,0.00315853454511,0.00342648987132
sell_half_then_hold,1000,1375,1519,0.00615421580816,0.00497558492826,1477,42,0,0.00590070703854,0.00640177905265
sell_half_then_hold,1000,1500,1519,0.00818479214174,0.00660834136645,1477,42,0,0.00784725031119,0.00851431732341
sell_half_then_hold,1050,1200,1519,0.0024679839026,0.00199803071409,1477,42,0,0.00236643042522,0.00256721121062
sell_half_then_hold,1050,1375,1519,0.00532812267068,0.00430531878644,1477,42,0,0.00510853945299,0.00554250039195
sell_half_then_hold,1050,1500,1519,0.00735869900426,0.00593807522463,1477,42,0,0.00705508272565,0.00765516358669
sell_half_then_hold,1200,1375,1519,0.00286013876808,0.00230728807235,1477,42,0,0.0027421154601,0.00297540860521
sell_half_then_hold,1200,1500,1519,0.00489071510166,0.00394004451054,1477,42,0,0.00468878326626,0.00508814008029
sell_half_then_hold,1375,1500,1519,0.00203057633358,0.00163275643819,1477,42,0,0.00194662222909,0.00211272831348
sell_quarters_over_time,0700,1000,1519,0.00980141441182,0.00794284062047,1477,42,0,0.00939254360235,0.0102000730419
sell_quarters_over_time,0700,1050,1519,0.011422848672,0.00925151315472,1477,42,0,0.0109460636997,0.0118874642409
sell_quarters_over_time,0700,1200,1519,0.0162668437328,0.0131522544316,1477,42,0,0.0155868314806,0.0169304140854
sell_quarters_over_time,0700,1375,1519,0.021880347265,0.0176561108584,1477,42,0,0.0209640677642,0.0227754000808
sell_quarters_over_time,0700,1500,1519,0.025865573267,0.0208428561943,1477,42,0,0.024781232987,0.0269245298121
sell_quarters_over_time,1000,1050,1519,0.00162143426022,0.00130867253424,1477,42,0,0.0015535466089,0.00168775961341
sell_quarters_over_time,1000,1200,1519,0.00646542932098,0.00520941381118,1477,42,0,0.00619437315594,0.00673013663889
sell_quarters_over_time,1000,1375,1519,0.0120789328532,0.00971327023793,1477,42,0,0.0115716352236,0.0125738040683
sell_quarters_over_time,1000,1500,1519,0.0160641588551,0.0129000155738,1477,42,0,0.015388552857,0.0167226205379
sell_quarters_over_time,1050,1200,1519,0.00484399506076,0.00390074127693,1477,42,0,0.00464086768431,0.00504235671247
sell_quarters_over_time,1050,1375,1519,0.010457498593,0.00840459770369,1477,42,0,0.0100180131773,0.0108860241419
sell_quarters_over_time,1050,1500,1519,0.0144427245949,0.0115913430396,1477,42,0,0.0138350028527,0.0150348406114
sell_quarters_over_time,1200,1375,1519,0.00561350353223,0.00450385642676,1477,42,0,0.0053772339092,0.00584366742941
sell_quarters_over_time,1200,1500,1519,0.00959872953415,0.00769060176266,1477,42,0,0.00919422358467,0.00999248389898
sell_quarters_over_time,1375,1500,1519,0.00398522600192,0.0031867453359,1477,42,0,0.00381698967546,0.00414908303458
random_policy,0700,1000,1519,0.00989286973195,0.00800420789987,1472,47,0,0.00948668012365,0.0102935941572
random_policy,0700,1050,1519,0.011529463591,0.00932313823555,1472,47,0,0.0110560668364,0.0119967935321
random_policy,0700,1200,1519,0.016418798638,0.0132547002197,1472,47,0,0.0157446025647,0.0170856386545
random_policy,0700,1375,1519,0.0220849403,0.0177945984689,1472,47,0,0.0211763872508,0.0229839630015
random_policy,0700,1500,1519,0.0261075980778,0.0210071395148,1472,47,0,0.025031834395,0.0271720481801
random_policy,1000,1050,1519,0.00163659385905,0.00131893033568,1472,47,0,0.00156928216658,0.00170319937498
random_policy,1000,1200,1519,0.00652592890609,0.00525049231981,1472,47,0,0.00625699696008,0.00679203025062
random_policy,1000,1375,1519,0.012192070568,0.00979039056898,1472,47,0,0.0116885055187,0.0126903162655
random_policy,1000,1500,1519,0.0162147283459,0.0130029316149,1472,47,0,0.015543952663,0.016878401444
random_policy,1050,1200,1519,0.00488933504704,0.00393156198413,1472,47,0,0.0046877147935,0.0050888308059
random_policy,1050,1375,1519,0.010555476709,0.0084714602333,1472,47,0,0.0101192233521,0.0109871168208
random_policy,1050,1500,1519,0.0145781344868,0.0116840012792,1472,47,0,0.0139746704964,0.0151752019993
random_policy,1200,1375,1519,0.00566614166196,0.00453989824917,1472,47,0,0.00543150855864,0.00589828601485
random_policy,1200,1500,1519,0.00968879943978,0.00775243929507,1472,47,0,0.00928695570289,0.0100863711934
random_policy,1375,1500,1519,0.00402265777782,0.0032125410459,1472,47,0,0.00385544714425,0.00418794132829
