rate_suffix,annual_cash_rate,policy_name,episodes,mean_final_total_after_tax_wealth,median_final_total_after_tax_wealth,mean_excess_vs_same_rate_hold,median_excess_vs_same_rate_hold,paired_wins,paired_ties,paired_losses,mean_excess_ci95_low,mean_excess_ci95_high,median_excess_ci95_low,median_excess_ci95_high
0700,0.07,trained_dqn_fixed_margin,1519,1.43792276736,1.33805810163,-0.0391674083817,0,574,247,698,-0.0545496815861,-0.0254680027956,0,0
0700,0.07,hold_to_terminal,1519,1.47709017574,1.38352355371,0,0,0,1519,0,0,0,0,0
0700,0.07,sell_immediately,1519,1.43690203876,1.32739478903,-0.0401881369843,-0.00618091525978,683,42,794,-0.0563864089472,-0.0257412193442,-0.0146435691525,0
0700,0.07,sell_half_then_hold,1519,1.45699610725,1.36052551137,-0.0200940684921,-0.00309045762989,683,42,794,-0.0281932044736,-0.0128706096721,-0.00732178457624,0
0700,0.07,sell_quarters_over_time,1519,1.43767654136,1.33016842773,-0.0394136343818,-0.00498828536084,684,42,793,-0.0552498184403,-0.0251219832136,-0.0107425615348,0
0700,0.07,random_policy,1519,1.43740903026,1.32895246661,-0.0396811454832,-0.00522832752377,683,47,789,-0.0559146694512,-0.0252388804897,-0.0122092988887,0
1000,0.1,trained_dqn_fixed_margin,1519,1.4513258012,1.3538785213,-0.0257643745458,0,684,133,702,-0.0407096696625,-0.0121090503595,0,0
1000,0.1,hold_to_terminal,1519,1.47709017574,1.38352355371,0,0,0,1519,0,0,0,0,0
1000,0.1,sell_immediately,1519,1.44688898131,1.34430719044,-0.0302011944331,0,723,42,754,-0.046290111592,-0.0157068850442,-0.00690926467713,0.000260707426664
1000,0.1,sell_half_then_hold,1519,1.46198957853,1.36658308563,-0.0151005972166,0,723,42,754,-0.023145055796,-0.00785344252211,-0.00345463233856,0.000130353713332
1000,0.1,sell_quarters_over_time,1519,1.44747795577,1.3458149018,-0.02961221997,-0.000616757890859,713,42,764,-0.0454350281057,-0.0154029803582,-0.00544059161831,0
1000,0.1,random_policy,1519,1.44730189999,1.34530763075,-0.0297882757513,-2.22044604925e-16,714,47,758,-0.0458076290502,-0.015413755656,-0.00668747781858,0
1050,0.105,trained_dqn_fixed_margin,1519,1.45256243909,1.35475239682,-0.0245277366516,0,683,143,693,-0.0391835928179,-0.0111650622993,0,0
1050,0.105,hold_to_terminal,1519,1.47709017574,1.38352355371,0,0,0,1519,0,0,0,0,0
1050,0.105,sell_immediately,1519,1.44854116758,1.3472245898,-0.0285490081582,0,733,42,744,-0.0446356720832,-0.0140724018717,-0.0060857092837,0.00178894058666
1050,0.105,sell_half_then_hold,1519,1.46281567166,1.3681243867,-0.0142745040791,0,733,42,744,-0.0223178360416,-0.00703620093583,-0.00304285464185,0.000894470293332
1050,0.105,sell_quarters_over_time,1519,1.44909939003,1.34795693852,-0.0279907857098,-2.22044604925e-16,719,42,758,-0.0438279103073,-0.0137846172429,-0.00456111944671,2.22044604925e-16
1050,0.105,random_policy,1519,1.44893849385,1.34862567454,-0.0281516818922,0,721,47,751,-0.0441035024511,-0.0137271914535,-0.0060857092837,4.4408920985e-16
1200,0.12,trained_dqn_fixed_margin,1519,1.45598707778,1.36631112672,-0.0211030979655,0,606,263,650,-0.0355043221837,-0.00824203947649,0,0
1200,0.12,hold_to_terminal,1519,1.47709017574,1.38352355371,0,0,0,1519,0,0,0,0,0
1200,0.12,sell_immediately,1519,1.45347713539,1.3564430931,-0.023613040353,0,745,42,732,-0.0396931249921,-0.0091883005988,-0.00402082831072,0.00589553419404
1200,0.12,sell_half_then_hold,1519,1.46528365557,1.37083528706,-0.0118065201765,0,745,42,732,-0.019846562496,-0.0045941502994,-0.00201041415536,0.00294776709702
1200,0.12,sell_quarters_over_time,1519,1.45394338509,1.35537684238,-0.023146790649,0,738,42,739,-0.0388521693117,-0.00885858277709,-0.003001011144,0.00165228967445
1200,0.12,random_policy,1519,1.4538278289,1.35739934937,-0.0232623468452,0,739,47,733,-0.0391549540512,-0.00883442417939,-0.00335142045015,0.00321770432609
1375,0.1375,trained_dqn_fixed_margin,1519,1.45363663223,1.36335036333,-0.0234535435109,0,601,257,661,-0.0377418675071,-0.0102198034858,0,0
1375,0.1375,hold_to_terminal,1519,1.47709017574,1.38352355371,0,0,0,1519,0,0,0,0,0
1375,0.1375,sell_immediately,1519,1.45919741293,1.36587929272,-0.0178927628168,0,754,42,723,-0.0339326242221,-0.00350597375779,-0.000953057753627,0.00751485331055
1375,0.1375,sell_half_then_hold,1519,1.46814379433,1.37410236172,-0.00894638140841,0,754,42,723,-0.016966312111,-0.0017529868789,-0.000476528876814,0.00375742665528
1375,0.1375,sell_quarters_over_time,1519,1.45955688863,1.36396706961,-0.0175332871168,4.4408920985e-16,758,42,719,-0.0332376154414,-0.00323570565087,-2.22044604925e-16,0.00399553984061
1375,0.1375,random_policy,1519,1.45949397056,1.36651950713,-0.0175962051832,0,749,47,723,-0.0334956551275,-0.00321010124595,-0.000690469657714,0.00537918544677
1500,0.15,trained_dqn_fixed_margin,1519,1.46958654178,1.37687110051,-0.00750363396139,0,710,163,646,-0.0217859296172,0.00552532789162,0,0
1500,0.15,hold_to_terminal,1519,1.47709017574,1.38352355371,0,0,0,1519,0,0,0,0,0
1500,0.15,sell_immediately,1519,1.46325856559,1.37171056891,-0.0138316101497,0.000806215169089,765,42,712,-0.0297903146221,0.000564715696243,0,0.00907674947875
1500,0.15,sell_half_then_hold,1519,1.47017437067,1.37535775176,-0.00691580507483,0.000403107584544,765,42,712,-0.014895157311,0.000282357848121,0,0.00453837473937
1500,0.15,sell_quarters_over_time,1519,1.46354211463,1.37067254329,-0.0135480611149,0.0016346361515,767,42,710,-0.029245157951,0.000782865131071,0,0.00608500265924
1500,0.15,random_policy,1519,1.46351662834,1.37245582495,-0.0135735474054,0.000497023374832,763,47,709,-0.0294186869295,0.000831465618407,0,0.0063153058598
